Date,realized_abs,garch_sigma,gjr_sigma
2023-09-14,0.9616287303144746,0.7095562348279977,0.7512083971905463
2023-09-15,0.5567428783243866,0.7656140877557887,0.7428731577847318
2023-09-18,1.0525507256928552,0.7652630885877647,0.7295757031503978
2023-09-19,0.3990859364067893,0.8228629344465443,0.8471172397499895
2023-09-20,0.744830214040099,0.8036310878982769,0.8370054823915307
2023-09-21,1.3378599108415867,0.8153085271977363,0.8153656903466563
2023-09-22,0.0936120220512701,0.9068444415230604,0.9788432025735472
2023-09-25,0.9805386957205736,0.8675688999600393,0.9382241195895773
2023-09-26,0.9759599905361404,0.8958938060756363,0.9951400159365588
2023-09-27,0.25215461812357,0.9201044290479746,1.0413988719083822
2023-09-28,0.6944789225067006,0.882579574298972,0.9996644860619452
2023-09-29,0.4108108261458599,0.8773053277344854,0.9601547300161544
2023-10-02,0.9099173076763926,0.8520357446907566,0.9225304458457861
2023-10-03,1.068174189590285,0.8742497120029926,0.9689628543625705
2023-10-04,0.0974649581371627,0.9129338550659013,1.0358255824877207
2023-10-05,0.1968847691965825,0.8728327087143812,0.9894600837158681
2023-10-06,1.0531441313921008,0.8399294061273939,0.9539664803357409
2023-10-09,0.6697408387907724,0.8831351619338668,0.9237132368855778
2023-10-10,1.9338960806318537,0.8756176419658491,0.9338478380327709
2023-10-11,0.2363088169419606,1.0666638089746805,0.9260246887547247
2023-10-12,0.2265142418434755,1.0122259679643135,0.8902669779480211
2023-10-13,1.5574111193234097,0.9638379336905916,0.8636425099110343
2023-10-16,0.337424595961899,1.0596169443133898,1.0730267205406818
2023-10-17,0.0898677581145981,1.0097146641992647,1.022894994853482
2023-10-18,1.0332733505565326,0.9591476008065731,0.9770581250671065
2023-10-19,0.3296582660916618,0.9787943723112419,1.0365963246748562
2023-10-20,1.6537250021769485,0.9377063496922,0.9996768135243881
2023-10-23,0.0152031190441692,1.0551264312444024,1.1898807416429074
2023-10-24,0.5338216254913195,1.001663378119478,1.1305098293446856
2023-10-25,0.0822195964130725,0.9681465772928212,1.0767964748309975
2023-10-26,1.0878724208663224,0.9217228044406501,1.0274023749469938
2023-10-27,0.2966822906791264,0.9540966189067379,1.0849318226413132
2023-10-30,0.1981359113235535,0.9144715485272222,1.043044960625143
2023-10-31,0.6353540949674668,0.8764177155921199,0.9980831117872233
2023-11-01,0.759613332444547,0.8665582671673726,0.959411621896324
2023-11-02,1.4656266410818382,0.869235371068533,0.9252691830476183
2023-11-03,0.3009966137605249,0.9675510518165634,0.9052350962192015
2023-11-06,0.351392858762129,0.9271060146743415,0.8724937584184619
2023-11-07,0.1100738786106285,0.8930277307759912,0.8546759727461062
2023-11-08,0.5066125961720225,0.8552369816005153,0.8252792988202732
2023-11-09,0.8040058240867269,0.8381182564205784,0.8010111199997767
2023-11-10,0.7725586025069316,0.8499144485385373,0.782780471115418
2023-11-13,0.7234338895524853,0.8567344727930742,0.8315206067187666
2023-11-14,1.740577862138782,0.8577463946169938,0.8098179482636454
2023-11-15,0.8528696390834213,1.0104088535689815,0.8108736441786356
2023-11-16,0.24379715599134,1.0020597277744219,0.7932153378961047
2023-11-17,0.8361290376463646,0.9559232075102128,0.7710962072744469
2023-11-20,0.1120666580541593,0.9533681551342117,0.7574355795708687
2023-11-21,0.0050299239027282,0.9093553484214377,0.7403476552100486
2023-11-22,0.3596551595645857,0.8692696412785489,0.7237655173847309
2023-11-23,0.2310311494073794,0.8423850681480924,0.7107401670415424
2023-11-24,0.2170843100155807,0.81294858349157,0.6973939533099143
2023-11-27,0.3945522850599633,0.7865574350371786,0.6857132944091215
2023-11-28,0.1645844843406254,0.7710548312194665,0.6955561603553713
2023-11-29,1.0807631821599466,0.7475374669829996,0.6834697412663149
2023-11-30,0.302511958645477,0.8119190406906814,0.6845353100480037
2023-12-01,1.1166836505028106,0.7884906365300554,0.6744262084895997
2023-12-04,0.0441447036472812,0.8497574735739847,0.6788598818934574
2023-12-05,0.7793476771123728,0.8160088815839015,0.6687166742906284
2023-12-06,0.7431896493775858,0.8287070703066051,0.6662133252569975
2023-12-07,0.1649323756979799,0.8353426481850393,0.6633156942675633
2023-12-08,0.7801024705102276,0.8050936848786664,0.6586543124602151
2023-12-11,0.2098668662753746,0.8192605322658146,0.6574233160097235
2023-12-12,0.0160152416128724,0.7914150515764772,0.6498530636782052
2023-12-13,0.1531057758321442,0.7633840765198427,0.6426769351905743
2023-12-14,0.0824643315097979,0.7401982050190566,0.639705717011258
2023-12-15,0.004721964053434,0.7183743594592934,0.6345605862373392
2023-12-18,0.6040896244381847,0.6988438651878011,0.6281147848756298
2023-12-19,0.5621184724288284,0.711585972685316,0.6759789129271959
2023-12-20,0.0678628254225011,0.7183422870376714,0.6687809572263966
2023-12-21,0.2730714844525453,0.6985888205401999,0.6595181866288581
2023-12-22,0.1123554682210487,0.6872123973708706,0.6604320729120964
2023-12-27,0.2146039854072149,0.6716196059696121,0.6515288447111852
2023-12-28,0.2423155732024419,0.6608638111823051,0.6425951815403027
2023-12-29,0.2994624971626512,0.6526178875922631,0.6434260340637357
2024-01-02,0.1057173213820018,0.6479846269214851,0.6366788142016829
2024-01-03,1.3868991583284898,0.6369076658465059,0.6293402113281107
2024-01-04,0.4759280290394104,0.7831327730354269,0.8572208349656323
2024-01-05,0.1389767322435139,0.7725463699168242,0.8301929578258174
2024-01-08,0.7340607192363031,0.7468406299393295,0.8028389583566712
2024-01-09,0.168307006473176,0.7641882325290059,0.7834109262122616
2024-01-10,0.0086953351805129,0.7408142490783998,0.7645051538850413
2024-01-11,0.859179928062285,0.7183828519833568,0.7453674327086072
2024-01-12,0.9475181747553496,0.7553734971600917,0.8106397114144571
2024-01-15,0.4941371965947412,0.797159123024369,0.7931620948192879
2024-01-16,0.3045201322342683,0.7859019284184803,0.7976527480481825
2024-01-17,0.8483441393796812,0.7651257826089931,0.7854129903918329
2024-01-18,0.8222113392252062,0.7920003273892199,0.8405173487638784
2024-01-19,0.0737791999955264,0.8117573387320706,0.8186790481183684
2024-01-22,0.7715702540190797,0.7811715383334558,0.7940215244890731
2024-01-23,0.3378494502023984,0.7968506730697434,0.7762485328516883
2024-01-24,1.568370612352123,0.7768391580180876,0.7692053496423032
2024-01-25,0.1006011302378808,0.9134193700993639,0.7640091250013346
2024-01-26,0.3216620446146262,0.874128188474174,0.7457229038600162
2024-01-29,0.1160937424798049,0.8450149133107774,0.7298079970157573
2024-01-30,0.1806266952600262,0.813069682274217,0.7162821335337937
2024-01-31,0.4048882404080683,0.785659852861606,0.7025469830803692
2024-02-01,0.264911268204156,0.7706845618113929,0.7098911569788672
2024-02-02,0.3503656190535221,0.7505520448316567,0.7050433318808332
2024-02-05,0.0836749918298895,0.7352788059718751,0.6921076683069827
2024-02-06,0.7612880719440723,0.7144960155165649,0.6815347277325194
2024-02-07,0.6554500720230801,0.7403237159273146,0.6758822638790151
2024-02-08,0.2471192831997178,0.7511587030874458,0.719429577647733
2024-02-09,0.2202993782380713,0.7331876509015348,0.7059871922765751
2024-02-12,0.6527528784014754,0.7162611246188879,0.6993056125863885
2024-02-13,0.9229306744622006,0.730547117621587,0.690517521699062
2024-02-14,0.3822496057037969,0.7739936228334334,0.7805724252107583
2024-02-15,0.5954858644379811,0.7595215189943519,0.7613771235991695
2024-02-16,0.4141776969236116,0.7621367341047092,0.745535075645945
2024-02-19,0.1472079125049205,0.7509522020812012,0.7299731822833506
2024-02-20,0.1395175704703923,0.7297842972511535,0.7172613105324446
2024-02-21,0.290696135291251,0.7106735177028347,0.705525590120448
2024-02-22,1.4632940280449829,0.6990908018472939,0.6931679830706877
2024-02-23,0.2810071953807722,0.839656671236529,0.6984998682706077
2024-02-26,0.0223886567466426,0.8124403256325057,0.6868562732711682
2024-02-27,0.7619295273403105,0.7828678163235493,0.6757530199538164
2024-02-28,0.2544562298983276,0.7978145396288805,0.670568470522014
2024-02-29,0.4363387697094966,0.7745234994612139,0.661655549600261
2024-03-01,0.3212407367573934,0.7628939771204856,0.6546473525667228
2024-03-04,0.1066275385050985,0.7463713202567954,0.6476973505416033
2024-03-05,0.1003515365818269,0.7247257205687668,0.6418743204697062
2024-03-06,0.1034052855964254,0.7054168702526308,0.6365361768477601
2024-03-07,0.7094530922551384,0.6882150040610552,0.6303064519546138
2024-03-08,0.1589565251828572,0.7121591797666877,0.628985114370549
2024-03-11,0.3837954031859242,0.6951108521331752,0.6267252657686164
2024-03-12,1.2256182194385463,0.6898432935585764,0.6414522732209949
2024-03-13,0.0207563589655537,0.7868034397934071,0.647846995588913
2024-03-14,0.1077434895516357,0.7597095017802135,0.6400639298291376
2024-03-15,0.0300382873379964,0.7362833353465696,0.6347381327651944
2024-03-18,0.0221398232560864,0.7146723439530086,0.6282161806619485
2024-03-19,0.3051800118650186,0.6954254477163004,0.6222168098650689
2024-03-20,0.1535478784097713,0.6855383940595465,0.6177534433944823
2024-03-21,0.9068825687253148,0.6712816888008067,0.6129277416555803
2024-03-22,0.146705064961775,0.7222259477931227,0.6161262254030447
2024-03-25,0.3036759629654587,0.7034795724926726,0.6113641901498947
2024-03-26,0.6715093919433112,0.6923187652627154,0.6077113099256201
2024-03-27,0.5031839853687976,0.7109466536317574,0.6078955789945231
2024-03-28,0.0833138568696976,0.7114027781449758,0.606072315364238
2024-04-02,1.1385892638780295,0.6923336668902592,0.6020086203918162
2024-04-03,0.4615990643743557,0.7733348972699884,0.7652737845335458
2024-04-04,0.1925991141967733,0.7626490450691399,0.7462076765593195
2024-04-05,1.2471632880227137,0.7402404752115793,0.7282455063309013
2024-04-08,0.7888000679608055,0.8278422658150117,0.8828967641166887
2024-04-09,1.3313940610920385,0.8376033916330323,0.8549209789716565
2024-04-10,0.1139566313916028,0.9179553442350604,0.9984304804415918
2024-04-11,0.7923106969112904,0.8777885154685449,0.9573141151666795
2024-04-12,0.1346540004377691,0.8810381015444484,0.978170445338802
2024-04-15,0.5354187626759636,0.8445700470461687,0.9381161299804698
2024-04-16,1.4547848971801618,0.8305261546054372,0.9057910377284011
2024-04-17,0.0213250554819905,0.9316432542227641,1.0613820621168704
2024-04-18,0.3784657240037666,0.8896163099844913,1.0158874736148997
2024-04-19,0.5624284183328198,0.8609624744402775,0.975568582676538
2024-04-22,0.693529668303137,0.8465684246444785,0.9660254824542428
2024-04-23,1.5381498851941169,0.8446885277246884,0.9321066596084328
2024-04-24,0.2702519144003532,0.9563236416703486,0.9084318061691339
2024-04-25,0.9521819658271264,0.9162422481185893,0.8839539379383743
2024-04-26,1.3511404392249289,0.9300574774146069,0.9392263138119676
2024-04-29,0.2353377128828865,0.9937643706180944,0.9131023681808095
2024-04-30,1.032729618214251,0.9488899412953681,0.8863500602856255
2024-05-02,0.1991139148488078,0.9668526536960285,0.9548774977447037
2024-05-03,0.5855458133382536,0.9244979408642838,0.9235902140686347
2024-05-06,0.9598008131742796,0.9044629551897688,0.8928537011243316
2024-05-07,1.392389776909481,0.920937306278216,0.8668473489081657
2024-05-08,0.3700680103170389,0.9917908943281128,0.8473374151468279
2024-05-09,1.012346141279731,0.9525964793831783,0.8223393164059032
2024-05-10,0.4604987751622837,0.96790924231878,0.8034023379817741
2024-05-13,0.1632885813641824,0.9354412308458298,0.7822452895788645
2024-05-14,0.1377561219501679,0.8955668299800073,0.7646823730432567
2024-05-15,0.8138200143103556,0.858924891450629,0.7479186897257668
2024-05-16,0.6942605969100953,0.8665792753003668,0.734076821732847
2024-05-17,0.1836948053896265,0.8620086759076366,0.7722068537284904
2024-05-20,0.3444636056986854,0.8296490697269121,0.7565514003113659
2024-05-21,0.2250986987468292,0.8061228669982304,0.7391718665312706
2024-05-22,0.248940690098104,0.7805939251207001,0.7285300825406386
2024-05-23,0.059516413663495,0.7585644170581498,0.7201981722267383
2024-05-24,0.0109607871940305,0.7345650744515858,0.7054414234110623
2024-05-27,0.4341931825481289,0.712747314329242,0.6919253586684607
2024-05-28,0.5171446800186583,0.7076132639095933,0.6806460958243529
2024-05-29,1.1013500301549617,0.7090139198524238,0.7013926359600824
2024-05-30,0.1271298539624551,0.7779175915336796,0.8199494405892183
2024-05-31,0.0062192137719634,0.7526199789885073,0.7960103933233782
2024-06-03,0.5940857619672008,0.7287993994882491,0.774331004928408
2024-06-04,1.0943029245612654,0.7334344028765791,0.7562322055700407
2024-06-05,0.9209992193333072,0.7954027633827141,0.8591570689113956
2024-06-06,0.4122129657173716,0.8233218808535733,0.8360199781329853
2024-06-07,0.5127694431069029,0.8038344182964994,0.81214317436487
2024-06-10,0.3367089255844471,0.7923975931420776,0.8155234916250901
2024-06-11,0.6778908249741008,0.7725417844879139,0.8042912213799338
2024-06-12,1.410370884898602,0.7781756724192611,0.8278301666562793
2024-06-13,1.9795439985809713,0.8795524404522721,0.8122203159063628
2024-06-14,1.4539924336691077,1.062333264796575,1.1281867261250385
2024-06-17,0.3670144586792632,1.1159974715585264,1.2341018136857902
2024-06-18,0.3522624952010773,1.0638198941252193,1.1767170346001734
2024-06-19,0.3539272076323118,1.0167472963760826,1.123333548975248
2024-06-20,1.0256632533436991,0.9744214632089493,1.0843568772548389
2024-06-21,0.4978916597184417,0.9872844515049602,1.0436411778691852
2024-06-24,0.8882741103415963,0.9549415183252316,1.0223709356982236
2024-06-25,0.8106782473733726,0.9559101822358704,0.9858417221803939
2024-06-26,0.1231882624435676,0.9498935798359868,1.0037114893757422
2024-06-27,0.3041902182248652,0.9077972197035631,0.9667390807922404
2024-06-28,0.1366319561731131,0.8746586592701809,0.9315626134318494
2024-07-01,0.3023096655678078,0.8396429446420826,0.8983589992163955
2024-07-02,0.6945609011884646,0.8134222042809615,0.8676240196169804
2024-07-03,1.1520481699241631,0.8154801219744385,0.8852283282820701
2024-07-04,0.4124983539930859,0.8704494300717592,0.8627358033401297
2024-07-05,0.1352369677175872,0.845565526605204,0.835776783403875
2024-07-08,0.0183960349662873,0.8136296739886212,0.8101526693760961
2024-07-09,1.2850769881641582,0.7834574215832758,0.7863906412904814
2024-07-10,0.933496589228261,0.8645464484622591,0.9273775932361698
2024-07-11,0.6894109801932471,0.8834434284799912,0.8986022797956658
2024-07-12,1.1459537415983594,0.8758552529822213,0.870024256093499
2024-07-15,0.8424954962485622,0.9190903943278198,0.8479698452142127
2024-07-16,0.392689530755699,0.9211970494639067,0.8902665055669451
2024-07-17,0.4368985143234455,0.8896887424540901,0.8747903091760436
2024-07-18,0.4486900319050667,0.863866412946439,0.8644764208897946
2024-07-19,1.001085002510522,0.8417626161436546,0.8562283604851906
2024-07-22,1.2856768308834885,0.8721316544828371,0.92237135973057
2024-07-23,0.8149908245219187,0.935454115353501,0.8973991385670428
2024-07-24,0.9215793646682898,0.9320141980128785,0.8695558565021604
2024-07-25,0.4837811049421177,0.9395971094991333,0.9190298048292956
2024-07-26,0.6472906328498461,0.9111335887051183,0.9097430187649321
2024-07-29,0.5274130433874562,0.8964753728678152,0.8797758462903371
2024-07-30,0.4928145452450372,0.8751006691649698,0.8766740710642207
2024-07-31,0.52801396634034,0.8539880725625698,0.8493895973056301
2024-08-01,2.326313285080173,0.837691009483991,0.8249201412049031
2024-08-02,2.360376335616341,1.1053476683199652,1.215801677526096
2024-08-05,1.841301571168847,1.305969116125339,1.5063671822863176
2024-08-06,0.0883185198640146,1.3798667755903735,1.6212912107299418
2024-08-07,1.4917864641052032,1.2937946796080793,1.527250716001993
2024-08-08,0.3697354079403876,1.3137745232068263,1.4549113254161696
2024-08-09,0.2399805195305926,1.2417955299605479,1.3829863670604108
2024-08-12,0.0202533677150119,1.1739461842771335,1.3194911736250716
2024-08-13,0.4816196058523744,1.1100503258775118,1.2627948552451795
2024-08-14,0.4120659561104712,1.0636557944261944,1.2114757245243961
2024-08-15,1.6504405608105874,1.0185643082284535,1.163308987879178
2024-08-16,0.7624072770183437,1.1078741728942088,1.1219590036848373
2024-08-19,0.5404368679973559,1.079085756288346,1.080022111888306
2024-08-20,0.3489470750472152,1.039228761557013,1.0399002845658747
2024-08-21,0.4968141669871004,0.9938943383350883,1.0090294186430595
2024-08-22,0.2405988785574235,0.960312688398655,0.9744303800412242
2024-08-23,0.752614335218902,0.9183993058963846,0.9361473457264264
2024-08-26,0.0863357191590031,0.9108481497516785,0.9027347757538003
2024-08-27,0.3474161557193789,0.8717357644738362,0.8749133980100954
2024-08-28,0.5364002209628965,0.8437441499072309,0.8471406247562574
2024-08-29,0.6912442222435738,0.829601146723526,0.8205795023560931
2024-08-30,0.0298808399162741,0.8282531544118605,0.7969768599746354
2024-09-02,0.1264857362725436,0.796517593778205,0.7714200375853467
2024-09-03,0.9753271985521456,0.7680539357549154,0.7487096626738624
2024-09-04,0.8316282224677957,0.8085513514654904,0.8317988672372831
2024-09-05,0.0825950595543589,0.8248557037086532,0.8734760193105372
2024-09-06,1.4892440106686575,0.7929604445361562,0.8445621431155595
2024-09-09,0.7710386776698133,0.9090408572094761,1.0166099987862574
2024-09-10,0.9678263453723406,0.9055062242480768,0.9793507306847776
2024-09-11,0.3516741860656538,0.9213154834276229,1.0161565286076621
2024-09-12,1.0210560022440305,0.8877777491484814,0.9779424977886588
2024-09-13,0.9727132529983926,0.9142979353587417,0.9464224948192727
2024-09-16,0.3551386484055441,0.9298255149352544,0.9164626738503806
2024-09-17,0.4977136624617267,0.8949487724701575,0.8955852872683502
2024-09-18,0.0779422615667917,0.8715464303416569,0.8663306648843904
2024-09-19,1.5426493505265697,0.8355181660540467,0.8385642414489616
2024-09-20,1.4971286986846029,0.9487158199610733,0.827780833123145
2024-09-23,0.6749565155008249,1.0296263767492932,1.002336874815956
2024-09-24,0.7919082379714939,1.002802777819887,0.9654794017340617
2024-09-25,0.4121360955154496,0.9885397274167645,0.9326874358710341
2024-09-26,1.6765890735206166,0.9507140891735274,0.9144429620523498
2024-09-27,1.2155116782273692,1.0607823868616133,0.8969673622514913
2024-09-30,0.7665330769227457,1.0824126969628274,0.8741042279346519
2024-10-01,0.5801503559355401,1.0559170688684298,0.9001971486892867
2024-10-02,0.2521798350915954,1.0200743149980591,0.8999957365900656
2024-10-03,0.7822942845277677,0.9738682892283861,0.8764742580611257
2024-10-04,0.5533818974793203,0.9626361874764707,0.9047915481195334
2024-10-07,0.0880579009204647,0.935527711963973,0.8743616476935224
2024-10-08,0.197161939847637,0.8937904758619103,0.8459949476060473
2024-10-09,0.983578375458644,0.8580902598481107,0.8233983402975643
2024-10-10,0.2289268996117369,0.8837439076948058,0.8044079048368322
2024-10-11,0.8445343736598849,0.849580762378088,0.7871630076678888
2024-10-14,0.6916265025179444,0.8609065034432194,0.7701519398635963
2024-10-15,0.1133473895911056,0.8560845268597714,0.7533764254456623
2024-10-16,0.2743078687566939,0.8222071790736407,0.7349724388824691
2024-10-17,0.7718887090328688,0.7957781059165285,0.7267024363435675
2024-10-18,0.3770498008232001,0.8077494322942943,0.7151062460436018
2024-10-21,1.0030090025481522,0.7872596334493999,0.7009493281674183
2024-10-22,0.2020379580377815,0.8282071145206488,0.7997072813471463
2024-10-23,0.2283070731332298,0.7987070147386824,0.7802096631409196
2024-10-24,0.3368360558854116,0.7731759426774716,0.7642445433935503
2024-10-25,0.1058424588474972,0.7547986833854232,0.7458747024771168
2024-10-28,0.3489114055908631,0.7309741151787051,0.7307256229065605
2024-10-29,0.2745413383707324,0.7179620666981489,0.716174682346372
2024-10-30,1.1396954728938589,0.7028601203263495,0.7099294584782491
2024-10-31,0.9380600896745416,0.7790603624783945,0.81361925060669
2024-11-01,0.9257567996649416,0.8116815867762782,0.8648055915697416
2024-11-04,0.5578828362529464,0.837610300284786,0.8417414462335113
2024-11-05,0.5646280260603334,0.824674734553721,0.8447241139267837
2024-11-06,1.1330879709182635,0.8138752993743446,0.8224917973390998
2024-11-07,1.6833396523556934,0.8660108904786485,0.9033015700730818
2024-11-08,0.7622985874587187,0.9967875096327674,0.8803102027272239
2024-11-11,1.2058839371179442,0.9804520950892226,0.9014165337364911
2024-11-12,2.1567095169652863,1.01440992184108,0.87644789908814
2024-11-13,0.1605355691903754,1.2016448678575382,1.179265495705875
2024-11-14,1.3619838267079996,1.1342091566009573,1.1345801686102017
2024-11-15,0.2749285462543421,1.1635584011568865,1.0948808292728662
2024-11-18,0.1126098751812839,1.10234080547383,1.0597794046136206
2024-11-19,0.6738879931804185,1.0437858196884684,1.0231272908174993
2024-11-20,0.2917701737873559,1.01522314999555,1.0202834955929931
2024-11-21,0.741220206767716,0.9691256186111559,0.9929138943098875
2024-11-22,0.9172178140492234,0.9543666355632978,0.9601072924066614
2024-11-25,0.4266161445903865,0.9582067795185774,0.9297313464405688
2024-11-26,0.5644222777316544,0.9234436322230447,0.901426349186902
2024-11-27,0.1775544220401405,0.9006937651963459,0.9001584873984588
2024-11-28,0.8477235983316259,0.8626147857651724,0.8763220208233877
2024-11-29,1.0279606367893936,0.8725186105362334,0.8519206696627529
2024-12-02,1.5529603860705077,0.9015148600878291,0.8292026990642868
2024-12-03,0.4161712702421514,1.0018074549272997,0.8087758131574752
2024-12-04,1.0703036919732118,0.9623323159512782,0.7889088566889711
2024-12-05,0.6240829256862112,0.9817993396510167,0.7710962014987579
2024-12-06,0.126688449017483,0.9561816995081845,0.754124363710702
2024-12-09,0.1897761254155277,0.9120222218000116,0.7379769081983119
2024-12-10,0.082609623542266,0.8735779832233032,0.7263371176789244
2024-12-11,0.3437414967694116,0.8370470212131775,0.7127227539683403
2024-12-12,0.1328063375794452,0.811487214087929,0.6995391774297146
2024-12-13,0.0996743565913166,0.7817267591858014,0.6871682360411534
2024-12-16,0.452407376186927,0.7543374643052922,0.6767358666334642
2024-12-17,0.3325501460903198,0.7441471487186849,0.6872527787169257
2024-12-18,0.0187647697739535,0.7281170880627598,0.6871554306130189
2024-12-19,1.356372249059556,0.7055793473571919,0.6756873673993912
2024-12-20,0.4270999300260459,0.8193091001735235,0.8365703899476333
2024-12-23,0.1811089428234346,0.7999572003141615,0.8296038166724166
2024-12-27,0.6805964840809604,0.7723835218880023,0.8104796338208621
2024-12-30,0.3769027541394708,0.7783182590324272,0.7904203251386716
2025-01-02,0.5785567675500403,0.7609114033119838,0.7840645690217787
2025-01-03,0.5939305207377921,0.7594284549810895,0.7659619223360021
2025-01-06,1.5458524857375562,0.7594002524459239,0.780761751301072
2025-01-07,0.6133687703335611,0.8929033237672505,0.7638660794940831
2025-01-08,0.052277975753828,0.8768940213494703,0.7473370667220252
2025-01-09,0.0631772668967498,0.8395183998697692,0.7316847944158575
2025-01-10,0.5048408427120625,0.8059570237890877,0.7173013172965119
2025-01-13,0.4061678376728855,0.7931314502726022,0.7288881133236841
2025-01-14,0.6854786413935826,0.7756085090632229,0.7302569438512537
2025-01-15,1.485360202466251,0.7814593387899808,0.7157234996325459
2025-01-16,0.3915154157434498,0.8984423809517557,0.7038245433390351
2025-01-17,1.193504411836379,0.867917399961358,0.691179558828481
2025-01-20,0.4149552040753221,0.9193632306670414,0.6808953193522166
2025-01-21,0.24595116713366,0.8877597141035123,0.6701954236378873
2025-01-22,1.0037353920434156,0.8529161213936912,0.6601460620783426
2025-01-23,0.7371734836838671,0.8815504200222724,0.6521833512741481
2025-01-24,0.0775565678680276,0.877434625018185,0.6443362860143884
2025-01-27,0.5283875312856885,0.8405259231895772,0.6369955747450957
2025-01-28,0.6948789475241127,0.8247981267156689,0.6602765265034082
2025-01-29,0.9610396860473208,0.8244290211327603,0.6515067303928799
2025-01-30,0.4135621402423133,0.8523191792942821,0.6442492576635687
2025-01-31,0.0223269500516189,0.8284003842385029,0.6365896073162816
2025-02-03,1.4078476198150665,0.7957417279084327,0.6291228275541577
2025-02-04,0.3608290755662542,0.8940744980287731,0.8159556297586512
2025-02-05,0.3723719130293237,0.8636315126250838,0.7973389805384509
2025-02-06,1.455543035538456,0.8359839110839368,0.7763857718266177
2025-02-07,0.5283667789478338,0.9328228005149626,0.7608421431734915
2025-02-10,0.5709115298107819,0.906133437927223,0.7694664107747381
2025-02-11,0.5737948689934184,0.8855252983786,0.7520703311527119
2025-02-12,0.4987996105058737,0.8677146938380422,0.7360732870035022
2025-02-13,2.0733080831344157,0.8470617307118945,0.7213354311878691
2025-02-14,0.4370030186266928,1.0567894972391987,0.7120292337694171
2025-02-17,1.256518128548749,1.0120954919507754,0.7185297591157838
2025-02-18,0.2033634480586327,1.0457922688688475,0.7068539069870756
2025-02-19,1.8149177577375732,0.9946164358395779,0.694438958951877
2025-02-20,0.5317779624667833,1.1159355017654393,0.966287950169207
2025-02-21,0.1214731131559584,1.0708326995879487,0.9590571330339609
2025-02-24,0.6189164907236869,1.0159895059628525,0.9305807980163671
2025-02-25,0.0698549705803801,0.9860341906213146,0.9059305403285969
2025-02-26,1.6982826817615648,0.9376961641928797,0.881043886123979
2025-02-27,1.0727581099725654,1.0527300997201936,0.8598313585518969
2025-02-28,0.0023903980828001,1.058826678803699,0.9388114726625562
2025-03-03,2.606756157845153,1.0037786435395963,0.9068167486332338
2025-03-04,3.6077803295197537,1.2857533349656138,0.9082285431703684
2025-03-05,3.3222814565563175,1.7236941417701632,1.7961754297966097
2025-03-06,1.4557137129561144,1.9749070447419086,1.7570113238697749
2025-03-07,1.7685362402572171,1.8973387594501636,1.6546526231004943
2025-03-10,1.7006378789645302,1.862959906224762,1.733635243183679
2025-03-11,1.3000473007488484,1.8250398635525729,1.78551901954668
2025-03-12,1.5449223485616206,1.752372009145425,1.764459529742923
2025-03-13,0.4830290364783129,1.7124559079445403,1.6645182153761164
2025-03-14,1.8426128178967511,1.6012162094357723,1.5745159660687915
2025-03-17,0.727116095993639,1.6184823173242444,1.4977729142971956
2025-03-18,0.971867954776804,1.527537501306224,1.410810431773372
2025-03-19,0.3970055943892293,1.4626115243780102,1.3344672420890855
2025-03-20,1.2483530648457055,1.3710492528720937,1.2700855518040104
2025-03-21,0.468376359342871,1.3509787705703888,1.3161670806966905
2025-03-24,0.1705983334626728,1.2729514889937918,1.2582125646849007
2025-03-25,1.1188767921674332,1.1927887308116694,1.1910284778755769
2025-03-26,1.1785412954611896,1.1837064266172224,1.1367030900767863
2025-03-27,0.7042951652534196,1.182705652239721,1.1922353255793963
2025-03-28,0.9624330075722682,1.1362368783409529,1.1688643899389461
2025-03-31,1.335725099134046,1.1182909096986886,1.182545065683818
2025-04-01,1.6844291067936223,1.1477222698967346,1.2594076227304283
2025-04-02,0.6638702418994303,1.2228520624786097,1.2094385312383964
2025-04-03,3.053858879899945,1.1695634762078806,1.180408358262046
2025-04-04,5.079904634021626,1.5127108814772732,1.7312516517183782
2025-04-07,4.215679015036202,2.259689864622088,2.7903995711444103
2025-04-08,2.4490473209217876,2.562275935806833,3.215444769017408
2025-04-09,3.050857432892815,2.510247389790783,2.998401125824623
2025-04-10,4.434082340157803,2.5494666179112278,3.0994955182093253
2025-04-11,0.9215769469908788,2.8212160770612176,2.942443171634159
2025-04-14,2.8104705250541526,2.61635847214682,2.7584922764167756
2025-04-15,1.4161788652361234,2.60386682572497,2.589079939300091
2025-04-16,0.2693326719099483,2.450559026738699,2.4117976061935136
2025-04-17,0.4946758717852925,2.263043715060409,2.240795813284257
2025-04-22,0.4125708579375617,2.0980151474973843,2.096385458348393
2025-04-23,3.0909115511265095,1.9440554274839281,1.9503839467983937
2025-04-24,0.4658071542978405,2.097557645261693,1.8684468260181526
2025-04-25,0.80321653239071,1.9452286123340177,1.7406043259122725
2025-04-28,0.1312873662841507,1.8198091034019372,1.624342468617174
2025-04-29,0.6897959282653499,1.6822827831489626,1.510869727747841
2025-04-30,0.3167675808945159,1.5748790356891662,1.4116271780083791
2025-05-02,2.5873446492770955,1.46148701488004,1.3170224058611406
2025-05-05,1.1108538327539232,1.6379127038587513,1.3109000139691447
2025-05-06,0.4072988678040122,1.573383599939224,1.2558741941870322
2025-05-07,0.5766766350699066,1.4719371726676704,1.1923719734513163
2025-05-08,1.0188828880307628,1.3822313702666909,1.149529800735065
2025-05-09,0.6259340371946363,1.33557651985293,1.0932352147887834
2025-05-12,0.2856371756299482,1.2619333068864522,1.0334022554462536
2025-05-13,0.3051430496069767,1.1791950687419852,0.9747638362427831
2025-05-14,0.4730187232063654,1.1066961682796244,0.9277705701745326
2025-05-15,0.7139835403582895,1.047353061348835,0.904306446537348
2025-05-16,0.3027194616804027,1.0156998967922717,0.8679087618446507
2025-05-19,0.7024863931832367,0.9589657144292346,0.8304325653987266
2025-05-20,0.4216250095272731,0.9387031444752493,0.8027611778202313
2025-05-21,0.3583628662661676,0.899038719409487,0.7738093435762601
2025-05-22,0.5121642428683503,0.8601946203046906,0.7473776145251648
2025-05-23,1.551992283026119,0.8370494121356663,0.7612695687944603
2025-05-26,1.670594646885294,0.9726744721204885,1.0266774824771716
2025-05-27,0.8241405467777966,1.0928519822175775,1.0001872807568974
2025-05-28,0.7802879366781892,1.0655536572425004,0.9556391882909319
2025-05-29,0.4375903487121357,1.0377430939982846,0.9773603475983393
2025-05-30,0.2680954954619805,0.9871195613394511,0.9495771622043448
2025-06-02,0.2787947776205526,0.9357985898638621,0.904380764108481
2025-06-03,0.6703129923146394,0.8896466260038638,0.8723355974193763
2025-06-04,0.764397318657241,0.8783296846467633,0.8399827111575814
2025-06-05,0.1938253721926801,0.8778028498614889,0.8131934379376896
2025-06-06,0.0786342250720146,0.8368180050790709,0.7826475727480618
2025-06-09,0.5368985534032307,0.798767528006871,0.7557917979943924
2025-06-10,0.7755540207321172,0.7889205233098839,0.77313660896816
2025-06-11,0.1612975337591748,0.805618843406559,0.8299969217185565
2025-06-12,0.7437162185494022,0.7731367243871605,0.799963767373904
2025-06-13,1.0794406908492782,0.7892499655038693,0.8449490421362758
2025-06-16,0.7747039387988303,0.8499273652700272,0.954105220587478
2025-06-17,1.1222167382693211,0.8565792152570127,0.91366419861076
2025-06-18,0.4998243286120008,0.9098078297840871,1.0161189701697781
2025-06-19,1.1231540714336596,0.8797757695811547,0.9876923875765625
2025-06-20,1.2634642893824024,0.9276771060903379,1.072114106265395
2025-06-23,0.3498149610174439,0.9880374545178786,1.0277010729761749
2025-06-24,1.5884607191807292,0.9383377695381586,0.9847721771899745
2025-06-25,0.6077671360566833,1.0547697554911495,0.9607179470592034
2025-06-26,0.6404191106162287,1.0127756546894315,0.9548676061963854
2025-06-27,1.610351996933783,0.9795244296854521,0.9112812397866772
2025-06-30,0.5156625165165041,1.0895091037062055,0.8970006085581629
2025-07-01,0.9933075256939016,1.0364983124466631,0.8881117147162094
2025-07-02,0.4922553050991216,1.0365946590273039,0.9674456961534007
2025-07-03,0.6035587821723482,0.9888187001717728,0.9198635818836787
2025-07-04,0.6147411813176498,0.9558731855087582,0.879121713829682
2025-07-07,1.1960611051048056,0.928949164154393,0.8881216404981039
2025-07-08,0.5519427165647628,0.9781773342602852,0.8635400508399557
2025-07-09,1.405581769985275,0.942566340498081,0.8291939680871141
2025-07-10,0.3785226641882228,1.0242278920916605,0.8198538635389808
2025-07-11,0.8273142075439126,0.9713424955378693,0.8069440772169043
2025-07-14,0.3910696381534617,0.9625193044619492,0.8678126238774174
2025-07-15,0.4162163940895754,0.918631891160967,0.8494333315808689
2025-07-16,0.2118101590479912,0.8820208181057321,0.8363777636881861
2025-07-17,1.4946392641384505,0.8406701651288527,0.8082564595248637
2025-07-18,0.334645550979709,0.9636325087654483,0.803932324554796
2025-07-21,0.0752758384481683,0.9168866894865656,0.7891717967100812
2025-07-22,1.099916090184699,0.8685462178234832,0.7611424188124309
2025-07-23,0.8239844169913363,0.9143701690214899,0.8969760537680604
2025-07-24,0.2270831841100534,0.9144145402320373,0.8625651842100105
2025-07-25,0.3233321425960863,0.8696937989591362,0.8261348600530788
2025-07-28,1.0257471285291986,0.8346684097360837,0.8074701291794235
2025-07-29,1.0252067765996018,0.8760829916845109,0.9103706751357299
2025-07-30,0.1850328166601031,0.909515426019146,0.8787092334324219
2025-07-31,0.8142374745783153,0.8638610173093727,0.8401799508030819
2025-08-01,2.693279618665826,0.8713188163313266,0.889082413210723
2025-08-04,1.4060978493706018,1.268838349336079,1.5107453219662226
2025-08-05,0.3713192460353557,1.2828454594153746,1.4189486876650996
2025-08-06,0.3277723608663236,1.1991060668877953,1.3234300827500054
2025-08-07,1.1145507176971277,1.1238916251804125,1.2386330399609922
2025-08-08,0.1225950095107637,1.1236200984946698,1.171003791989853
2025-08-11,0.3379457433411005,1.0517802704391466,1.1023290354478734
2025-08-12,0.2351491824661777,0.9941340440157612,1.050728610471552
2025-08-13,0.6671226383482204,0.9393484491526825,0.998709767788152
2025-08-14,0.7903580923874695,0.918538166367877,0.9501786059210068
2025-08-15,0.0746836858561638,0.9140047086753044,0.9081916127859566
2025-08-18,0.1829773517545559,0.8652352412209293,0.8660445005626739
2025-08-19,0.4444224850851861,0.8247501338533443,0.8324498275553098
2025-08-20,0.5999996904570855,0.8029422467931953,0.8003188658006872
2025-08-21,0.0674038978151058,0.7977027620923084,0.8197455326204048
2025-08-22,0.2867043399047512,0.7636118513915711,0.7872351223039776
2025-08-25,0.3699745832630883,0.7411202889253371,0.7593278055165426
2025-08-26,0.4966351805227189,0.7269055304737941,0.7542390468821738
2025-08-27,0.4425743273387093,0.7247995201534367,0.7662182519818398
2025-08-28,0.0261656138618821,0.718518396760763,0.7687741552946115
2025-08-29,0.5744816120578837,0.6949727802778397,0.7427842066509666
2025-09-01,0.5637079353084632,0.7064501185733055,0.7687077936012037
2025-09-02,2.314691170999559,0.7146298073329459,0.7465204333737343
2025-09-03,0.4565251734266602,1.0876425926956317,1.3059831302590186
2025-09-04,0.7411785726828213,1.0286261542106028,1.2201148978948164
2025-09-05,0.731941000191114,1.0014869888693387,1.146602024062018
2025-09-08,0.8866394135323415,0.9770322947436417,1.1298428678814345
2025-09-09,0.373195838558622,0.9738529914469397,1.0676676866490045
2025-09-10,0.361130170351862,0.9271573577536317,1.0228404383776362
2025-09-11,0.2987169548793461,0.8851381016861989,0.9802311088394158
2025-09-12,0.0232058695409657,0.8459218045003736,0.9285656511600953
2025-09-15,0.2137500505618626,0.8050491210420571,0.8823782140439688
2025-09-16,1.7826983544726012,0.7735527754460998,0.8418375254870042
2025-09-17,0.1282521759312154,0.9835758291712129,1.1653441279567265
2025-09-18,1.3409715784568172,0.9260666954164556,1.0918280451028628
2025-09-19,0.1484515873356314,0.9997455307221739,1.0428772914970557
2025-09-22,0.476438491704228,0.9406480677380381,0.9860190861354504
2025-09-23,0.3575828661992708,0.9042803264557149,0.9601295869239924
2025-09-24,0.2346982917839857,0.8656406288451335,0.9114550221230908
2025-09-25,0.5592212938052807,0.8268255649043713,0.8677451230591258
2025-09-26,0.8657638499056634,0.8142616016519625,0.8701081949756352
2025-09-29,0.0235438515603742,0.8384129300055756,0.8394176882126874
2025-09-30,0.5696936390096524,0.7989064115694406,0.804040228854423
2025-10-01,0.9705322184976148,0.7918535295237659,0.7770539074661961
2025-10-02,1.2730527233266695,0.8355710750167832,0.7618639689010508
2025-10-03,0.1793383469744079,0.9192183446226184,0.7578584772325533
2025-10-06,0.0020990537034085,0.8713018670363257,0.7378727848236005
2025-10-07,0.0307203015905421,0.8272835064491764,0.7160549303763188
2025-10-08,0.8629657709361379,0.7893007098891776,0.6972635934792767
2025-10-09,0.057385107032103,0.8179756166819941,0.6917500761477029
2025-10-10,1.513922639009187,0.7815191819831757,0.6763889793637649
2025-10-13,0.6023895879857175,0.9274077993400036,0.974302541735278
2025-10-14,0.6210431918657053,0.9024794038477282,0.9260832947819815
2025-10-15,0.2295426606748147,0.8832105499520823,0.927621563026417
2025-10-16,0.3748761556244508,0.8416327969220492,0.8878509959931047
2025-10-17,1.8344383639989097,0.8129421287461798,0.8483536579348908
2025-10-20,1.7792626004300716,1.0198787801059013,1.1829988152134843
2025-10-21,0.2931890582000801,1.1529242105659485,1.1377419540939724
2025-10-22,0.7380155463410325,1.078011932320877,1.0674560793357575
2025-10-23,0.2343237985515984,1.0419262299575944,1.0629819484249596
2025-10-24,0.1325205558038868,0.9798376734114878,1.0015070091196756
2025-10-27,0.2837924014007188,0.9227546776547179,0.9467548905580966
2025-10-28,0.1240998080461127,0.8777720220612529,0.8991825554142355
2025-10-29,0.6380635518243274,0.8341009663594237,0.8585683283258592
2025-10-30,0.0220562623432309,0.8277419669784105,0.8740870434253748
2025-10-31,0.668052506000773,0.7896514883616768,0.8347518856141679
2025-11-03,0.7240905044998491,0.7944606138509328,0.8596955126201414
2025-11-04,0.7624620479950994,0.8048291323175087,0.8281022756948782
2025-11-05,0.4193059110072529,0.8175386139897525,0.8714220889383447
2025-11-06,1.3214753262529837,0.7955340170951901,0.8341159197809525
2025-11-07,0.6936382516165417,0.8995640221723699,1.012209714283179
2025-11-10,1.6412306017568754,0.8872671264982186,1.0092520615475649
2025-11-11,0.533093907948526,1.029541912224268,0.9803299311789957
2025-11-12,1.21067411168836,0.9831921906949767,0.9305900178462417
2025-11-13,1.4036586524749568,1.0227010688652696,0.8999165555725549
2025-11-14,0.6889620892599025,1.0855830886955395,1.081311521546058
2025-11-17,1.205192190081831,1.0424673622752758,1.0665828152622483
2025-11-18,1.7532244688982477,1.0704469563641947,1.1522413438636308
2025-11-19,0.0759951024118566,1.1873405313598313,1.3582676805497793
2025-11-20,0.4992485405477528,1.101184120644953,1.2629190574292553
2025-11-21,0.806463592533267,1.042008462956108,1.1802386903748465
2025-11-24,0.6359063608913116,1.0177800553663545,1.167580759282717
2025-11-25,0.9654583659999064,0.9811432747359603,1.0974899829645708
2025-11-26,1.1086577777904192,0.986009622433183,1.0407376307006584
2025-11-27,0.1757699308821973,1.0094346339076696,0.993953308767105
2025-11-28,0.2891651482665416,0.9484836088959419,0.9402098236837888
2025-12-01,1.0431015068007223,0.8996041365553766,0.8935285960080466
2025-12-02,0.5134013593271904,0.931162030405785,0.9804212581741152
2025-12-03,0.0723493036007851,0.8979117602916437,0.9308326886087689
2025-12-04,0.7916612205380837,0.8497568242492982,0.8847284165852332
2025-12-05,0.6099405672806939,0.8576836393706202,0.851914669421596
2025-12-08,0.0743399157457514,0.8439931273445554,0.8192313984905806
2025-12-09,0.4838999973275981,0.803625037952995,0.7868466221750995
2025-12-10,0.1346361220883762,0.7880483467391804,0.7614134701960007
2025-12-11,0.6792781889744524,0.7563228187422315,0.7387999302181384
2025-12-12,0.4460266814879258,0.7687531249179395,0.7233621236866696
2025-12-15,0.1793604364013196,0.755807258932316,0.7332267890553087
2025-12-16,0.6336233956172952,0.7298898644815734,0.7116059020540711
2025-12-17,0.4841202113467079,0.7430645660654549,0.7552964955243199
2025-12-18,0.9921580995265988,0.7378178079341436,0.7652118709698609
2025-12-19,0.3666914406423401,0.7994044165888453,0.7533602995125372
2025-12-22,0.0182395358206077,0.7756663200696687,0.730535290547391
2025-12-23,0.2307084262118745,0.74449634624215,0.7092361238047857
2025-12-29,0.04542339705513,0.722080408296422,0.6913538522568868
2025-12-30,0.5703809658082111,0.6980104046589943,0.6749896530932288
2026-01-02,0.1995918957098488,0.7094916523143779,0.6668329019417968
2026-01-05,1.333202284494967,0.6910894967826606,0.6548120929849143
2026-01-06,0.0944909466117334,0.8341257139017506,0.6766601516783984
2026-01-07,0.9199826377290764,0.7937935562906241,0.6628484498561819
2026-01-08,0.0207012967268107,0.8321335641176364,0.6670591600822764
2026-01-09,0.532575499429152,0.790636077690249,0.65349830110836
2026-01-12,0.5672317659987626,0.7810024667451969,0.6483175085378133
2026-01-13,0.0602853380710388,0.7765829535605631,0.6442642044963295
2026-01-14,0.5301851847140702,0.7438058368288022,0.6348745370107255
2026-01-15,0.261264679279434,0.7424275597716256,0.6773223965948353
2026-01-16,0.2182045789627015,0.7211486942713363,0.6638550574498102
2026-01-19,1.3454080088348688,0.7013555256297231,0.6596743423692768
2026-01-20,1.030738778841122,0.843980187307608,0.9159655156046547
2026-01-21,0.5770492809973697,0.8873197851864334,0.9993428626193144
2026-01-22,1.195908526658312,0.8646160329017214,0.9806018647157627
2026-01-23,0.1778245655166352,0.9307572175089982,0.9418740222714377
2026-01-26,0.1299084196387352,0.8775438735805775,0.8910129438468571
2026-01-27,0.1550975569702261,0.8310337442047805,0.8468658005056099
2026-01-28,0.2882318357990902,0.7920895612250731,0.8121400361080497
2026-01-29,2.089653147307712,0.7642899194273323,0.7905979699245846
2026-01-30,0.9390354570050492,1.06335720466796,1.2503924224190885
2026-02-02,1.0487661131938508,1.0502815832043222,1.1710514875290396
2026-02-03,0.0674910857575207,1.0526724151535523,1.1033682945977972
2026-02-04,0.719874397592381,0.9808270567596754,1.0341297173548776
2026-02-05,0.4561799104390222,0.9561073524213323,1.029986762671541
2026-02-06,0.9363554927005032,0.9137252290191608,0.9940560931450124
2026-02-09,1.1798683433608268,0.9266589803799223,0.94907923499703
2026-02-10,0.1080722590901723,0.971863491599452,0.9144956266153902
2026-02-11,0.5284468551142988,0.9140206804483213,0.8734049132517067
2026-02-12,0.0139248371777333,0.8841342983475905,0.8694757761120985
2026-02-13,0.2499275662125909,0.8381781146589439,0.8332349201592141
2026-02-16,0.4584897492227233,0.8035276946708332,0.8018695806488401
2026-02-17,0.2999419255882924,0.7859707280686418,0.800333732842778
