,sigma_garch11
2023-09-15,0.8011492537267508
2023-09-18,0.8008688907133268
2023-09-19,0.8651891724849265
2023-09-20,0.8414835794792698
2023-09-21,0.8530910868765476
2023-09-22,0.9540131714800801
2023-09-25,0.9050502433249885
2023-09-26,0.9343374054567332
2023-09-27,0.9566715068985998
2023-09-28,0.9117382009184852
2023-09-29,0.9047259190674621
2023-10-02,0.8754819727650189
2023-10-03,0.9011343078186675
2023-10-04,0.9439870913940962
2023-10-05,0.897013257441059
2023-10-06,0.8589642711446388
2023-10-09,0.9087688668663547
2023-10-10,0.8995082769770767
2023-10-11,1.1129545911616756
2023-10-12,1.0459809408775884
2023-10-13,0.9881741745750405
2023-10-16,1.0944351836975397
2023-10-17,1.0340797640456265
2023-10-18,0.9751046398466988
2023-10-19,0.9974792917130739
2023-10-20,0.9505523192860929
2023-10-23,1.0858165581342374
2023-10-24,1.0194815105540256
2023-10-25,0.9816058764398411
2023-10-26,0.9298720007220477
2023-10-27,0.9694966105567637
2023-10-30,0.9250666235552198
2023-10-31,0.8831829423313665
2023-11-01,0.8759874433836935
2023-11-02,0.8830400932251059
2023-11-03,0.9998813605997998
2023-11-06,0.9514396275131144
2023-11-07,0.9123906047391536
2023-11-08,0.8707660792749198
2023-11-09,0.8541969789970941
2023-11-10,0.8707958091437626
2023-11-13,0.8803442677722215
2023-11-14,0.8824859418396803
2023-11-15,1.0580050238885175
2023-11-16,1.0423775905585468
2023-11-17,0.9854489974333964
2023-11-20,0.9814059159299406
2023-11-21,0.9298684909576654
2023-11-22,0.8846315022793619
2023-11-23,0.8558458665175034
2023-11-24,0.8253220029218662
2023-11-27,0.7987005428076553
2023-11-28,0.7854568279384524
2023-11-29,0.7630298748354317
2023-11-30,0.8424794109589389
2023-12-01,0.816758559683563
2023-12-04,0.8886937793292957
2023-12-05,0.8488326703305689
2023-12-06,0.8637583678260506
2023-12-07,0.8713985178731242
2023-12-08,0.8360930030891598
2023-12-11,0.8533293206108187
2023-12-12,0.8220708088576832
2023-12-13,0.7918270460676589
2023-12-14,0.7680605569251613
2023-12-15,0.7462973662768514
2023-12-18,0.7270449231787048
2023-12-19,0.7447898489334577
2023-12-20,0.7545226513010848
2023-12-21,0.7339525127052161
2023-12-22,0.7228544969756655
2023-12-27,0.7074752800052764
2023-12-28,0.6976643861122802
2023-12-29,0.6903953404609281
2024-01-02,0.6873441004952443
2024-01-03,0.6766889386364154
2024-01-04,0.8418474960631321
2024-01-05,0.8251344871839796
2024-01-08,0.7942502391050418
2024-01-09,0.812337317752419
2024-01-10,0.7845505499972646
2024-01-11,0.7585797808017479
2024-01-12,0.8003758907632977
2024-01-15,0.8462659128888813
2024-01-16,0.8304213793143476
2024-01-17,0.805171120310929
2024-01-18,0.8347845878852594
2024-01-19,0.855069298127792
2024-01-22,0.81845625181478
2024-01-23,0.8348589833331385
2024-01-24,0.8101102272073183
2024-01-25,0.9648648460478322
2024-01-26,0.9142528264349044
2024-01-29,0.8775581067610452
2024-01-30,0.8391095562077462
2024-01-31,0.8078533921366078
2024-02-01,0.7917961732258992
2024-02-02,0.7698547515447879
2024-02-05,0.7558756196025598
2024-02-06,0.7335352899436415
2024-02-07,0.7654777208386908
2024-02-08,0.7781927978657642
2024-02-09,0.7574072756930924
2024-02-12,0.7378994442284968
2024-02-13,0.7554280763336818
2024-02-14,0.8053124412665452
2024-02-15,0.7871192189053501
2024-02-16,0.7891450020657728
2024-02-19,0.7752606944440518
2024-02-20,0.7506178115778243
2024-02-21,0.7296274043618464
2024-02-22,0.7170962664478909
2024-02-23,0.8787061483218894
2024-02-26,0.8440189033821961
2024-02-27,0.8079356533368622
2024-02-28,0.8240245192281033
2024-02-29,0.7961351181772479
2024-03-01,0.7822001547647456
2024-03-04,0.7634739213733734
2024-03-05,0.739214016774785
2024-03-06,0.7184184313813001
2024-03-07,0.7004760832999455
2024-03-08,0.731163645502157
2024-03-11,0.712316657027477
2024-03-12,0.7075564634278197
2024-03-13,0.8219068791114198
2024-03-14,0.7882288891419923
2024-03-15,0.7601868382917618
2024-03-18,0.7350136945001169
2024-03-19,0.7131443487407229
2024-03-20,0.7029312638508566
2024-03-21,0.687666227287192
2024-03-22,0.7493270537323073
2024-03-25,0.7269220266505392
2024-03-26,0.7142061404920346
2024-03-27,0.7362651112088574
2024-03-28,0.736653828763233
2024-04-02,0.7143721068000427
2024-04-03,0.8097490431261783
2024-04-04,0.7948169257746418
2024-04-05,0.7671961003546088
2024-04-08,0.8680990740292845
2024-04-09,0.8753678768868994
2024-04-10,0.9637212783654463
2024-04-11,0.9115559961535954
2024-04-12,0.9117110337039935
2024-04-15,0.8672892928730559
2024-04-16,0.8494084115341451
2024-04-17,0.966753643280501
2024-04-18,0.9142000545140699
2024-04-19,0.8789631445446677
2024-04-22,0.8616506941246815
2024-04-23,0.8594560139824604
2024-04-24,0.990518496883403
2024-04-25,0.9401032159288644
2024-04-26,0.955425559440612
2024-04-29,1.0281875575406187
2024-04-30,0.9713689082686487
2024-05-02,0.990589946364732
2024-05-03,0.9379736119552563
2024-05-06,0.9137268046876995
2024-05-07,0.9337026989966972
2024-05-08,1.0165307332447562
2024-05-09,0.9674655328373425
2024-05-10,0.9845089700483242
2024-05-13,0.9450109432143802
2024-05-14,0.8974416927880787
2024-05-15,0.8554947917465854
2024-05-16,0.8677536599436874
2024-05-17,0.8641152340238244
2024-05-20,0.8276517286628772
2024-05-21,0.8018601080835448
2024-05-22,0.774930773596316
2024-05-23,0.7517715031650225
2024-05-24,0.7268042546963176
2024-05-27,0.7049114409946027
2024-05-28,0.7037858835137808
2024-05-29,0.7100350477546806
2024-05-30,0.7977699192580598
2024-05-31,0.7673232992496078
2024-06-03,0.7399195335045087
2024-06-04,0.7474065796743675
2024-06-05,0.8239985587651338
2024-06-06,0.856266845891376
2024-06-07,0.83074281111587
2024-06-10,0.8158721216544922
2024-06-11,0.7908442546887144
2024-06-12,0.7983064044462692
2024-06-13,0.9212386378018531
2024-06-14,1.1340667549556116
2024-06-17,1.1865054089844178
2024-06-18,1.1134310266495213
2024-06-19,1.0495874885073995
2024-06-20,0.9940439079808415
2024-06-21,1.0081905805162978
2024-06-24,0.9673683039737516
2024-06-25,0.9689220229491518
2024-06-26,0.9611960367562004
2024-06-27,0.9092186533545874
2024-06-28,0.8694868886615729
2024-07-01,0.8300533419678354
2024-07-02,0.8009662340770444
2024-07-03,0.8084816492416205
2024-07-04,0.8813764671423485
2024-07-05,0.8509651979654886
2024-07-08,0.8121847492259491
2024-07-09,0.7782404671640065
2024-07-10,0.8837156235106977
2024-07-11,0.9066543482485153
2024-07-12,0.8957760561511421
2024-07-15,0.9481513831744685
2024-07-16,0.9476845312378084
2024-07-17,0.9072191907303317
2024-07-18,0.8751125342941488
2024-07-19,0.8483324688104409
2024-07-22,0.8881347136921215
2024-07-23,0.9663702240146617
2024-07-24,0.9596630915830783
2024-07-25,0.9669389245169495
2024-07-26,0.9293186340847158
2024-07-29,0.910831985134209
2024-07-30,0.8846704665064865
2024-07-31,0.8595811314974763
2024-08-01,0.8412259113263186
2024-08-02,1.171235850135811
2024-08-05,1.4015984622838396
2024-08-06,1.465809838228817
2024-08-07,1.3508265645252553
2024-08-08,1.3667353168486758
2024-08-09,1.2716207629793508
2024-08-12,1.18379386444158
2024-08-13,1.1031740187888173
2024-08-14,1.0470323128388292
2024-08-15,0.9940177644222565
2024-08-16,1.1154154826165443
2024-08-19,1.0799907849913006
2024-08-20,1.031198722822937
2024-08-21,0.9774299012854801
2024-08-22,0.939498338169429
2024-08-23,0.8925845141256122
2024-08-26,0.8911602592510506
2024-08-27,0.8464936401251589
2024-08-28,0.8170734329004803
2024-08-29,0.80603478313228
2024-08-30,0.8128980414571537
2024-09-02,0.7778180235205099
2024-09-03,0.7491646815778199
2024-09-04,0.8082233044871313
2024-09-05,0.8331610660822295
2024-09-06,0.7960677306349406
2024-09-09,0.9417388762826888
2024-09-10,0.9339315459331894
2024-09-11,0.9524948439951637
2024-09-12,0.9080762587604597
2024-09-13,0.939284897380612
2024-09-16,0.9577044818227205
2024-09-17,0.912681618854061
2024-09-18,0.8836165463992198
2024-09-19,0.8390325564969886
2024-09-20,0.9840053012611167
2024-09-23,1.0805553103258165
2024-09-24,1.0408145957750756
2024-09-25,1.0187491118851284
2024-09-26,0.9688199169463214
2024-09-27,1.104826972142987
2024-09-30,1.1259851429904393
2024-10-01,1.0878023624914397
2024-10-02,1.0392040822414974
2024-10-03,0.9788109465002482
2024-10-04,0.9658548462382555
2024-10-07,0.9327939983096405
2024-10-08,0.8818437096766761
2024-10-09,0.8398872410491504
2024-10-10,0.8802250956491507
2024-10-11,0.839731458012856
2024-10-14,0.8594961886709495
2024-10-15,0.8567173830372341
2024-10-16,0.8162546610809557
2024-10-17,0.7866350004120757
2024-10-18,0.8073112278209834
2024-10-21,0.7846984536080446
2024-10-22,0.8400580148210325
2024-10-23,0.8036553355363714
2024-10-24,0.7734715140019665
2024-10-25,0.753203901698951
2024-10-28,0.7263054952528151
2024-10-29,0.7144554566982224
2024-10-30,0.6995211634033643
2024-10-31,0.8012624981766125
2024-11-01,0.8439630045515532
2024-11-04,0.874159115218062
2024-11-05,0.8549732625910097
2024-11-06,0.8396655623326345
2024-11-07,0.9051998856990602
2024-11-08,1.0632079512918513
2024-11-11,1.0323659081629633
2024-11-12,1.066325194105393
2024-11-13,1.2857988903137367
2024-11-14,1.1885037055833516
2024-11-15,1.2153448598571615
2024-11-18,1.1308196878794017
2024-11-19,1.0530386721075182
2024-11-20,1.0161004383262813
2024-11-21,0.9576461144229598
2024-11-22,0.9431216175227621
2024-11-25,0.9535519304990688
2024-11-26,0.9119192772193785
2024-11-27,0.8872067150797908
2024-11-28,0.842923562424714
2024-11-29,0.8623947417207822
2024-12-02,0.9044589141392468
2024-12-03,1.0349160411458402
2024-12-04,0.9802098610887022
2024-12-05,1.0048590839688958
2024-12-06,0.969978535131699
2024-12-09,0.9119091935205954
2024-12-10,0.8623998154538582
2024-12-11,0.8172872422327858
2024-12-12,0.7889211493364613
2024-12-13,0.755184027229128
2024-12-16,0.7257650253808502
2024-12-17,0.7214433316529014
2024-12-18,0.7074934453521475
2024-12-19,0.6835302285490958
2024-12-20,0.8464387000313641
2024-12-23,0.8185856145315179
2024-12-27,0.7811444671744695
2024-12-30,0.7909851368050339
2025-01-02,0.7684578359515182
2025-01-03,0.767928308768518
2025-01-06,0.7696668092778062
2025-01-07,0.9446043766838437
2025-01-08,0.916953847981495
2025-01-09,0.8637014888089205
2025-01-10,0.817896574488622
2025-01-13,0.8006897110164146
2025-01-14,0.7794552773426298
2025-01-15,0.789801661530841
2025-01-16,0.9414320551867928
2025-01-17,0.8978708912067107
2025-01-20,0.9609733474291692
2025-01-21,0.9160732051394956
2025-01-22,0.8688178930171618
2025-01-23,0.9063193216417351
2025-01-24,0.8996513576413355
2025-01-27,0.8502327243317785
2025-01-28,0.8314700843004762
2025-01-29,0.8334433661661395
2025-01-30,0.8718611155094811
2025-01-31,0.8403598656503786
2025-02-03,0.7986460082266108
2025-02-04,0.929883163910234
2025-02-05,0.886146888130759
2025-02-06,0.8497596624751023
2025-02-07,0.9752658294536379
2025-02-10,0.936576690112563
2025-02-11,0.9075894548309889
2025-02-12,0.8834409788296665
2025-02-13,0.8569849885667159
2025-02-14,1.1250128288202605
2025-02-17,1.059727744452432
2025-02-18,1.0961733645551237
2025-02-19,1.0244029219366848
2025-02-20,1.1761482011527917
2025-02-21,1.1097779929770006
2025-02-24,1.0344202714721262
2025-02-25,0.9953271900991628
2025-02-26,0.9343908440291347
2025-02-27,1.0848675626454618
2025-02-28,1.088868622053836
2025-03-03,1.0164849411700536
2025-03-04,1.36175565118947
2025-03-05,1.8674806734658191
2025-03-06,2.135856261058346
2025-03-07,2.016814805152624
2025-03-10,1.955294925760577
2025-03-11,1.894386524178957
2025-03-12,1.795290474263918
2025-03-13,1.7402594584752047
2025-03-14,1.5986334696675093
2025-03-17,1.6234061943267608
2025-03-18,1.510780202388991
2025-03-19,1.434370970630966
2025-03-20,1.3268605574056256
2025-03-21,1.3123904143067644
2025-03-24,1.2231374236851753
2025-03-25,1.1322429039697743
2025-03-26,1.1340810788223181
2025-03-27,1.1445099641588161
2025-03-28,1.0956628612266313
2025-03-31,1.0828900270124324
2025-04-01,1.1294881641503514
2025-04-02,1.2288415527730518
2025-04-03,1.1645620507494574
2025-04-04,1.5852407417820082
2025-04-07,2.4695423276062067
2025-04-08,2.791824610221012
2025-04-09,2.6951210364306672
2025-04-10,2.712006421082274
2025-04-11,3.0156658112067305
2025-04-14,2.737398412346134
2025-04-15,2.7066773820034413
2025-04-16,2.5013630432630922
2025-04-17,2.2569195448624817
2025-04-22,2.0445633680494413
2025-04-23,1.8545250567528808
2025-04-24,2.0844050672827676
2025-04-25,1.8942466334320316
2025-04-28,1.743925499766637
2025-04-29,1.579929161077716
2025-04-30,1.4598011646691367
2025-05-02,1.3318428578413815
2025-05-05,1.603632118653899
2025-05-06,1.524072911271396
2025-05-07,1.3981108835451184
2025-05-08,1.2970073762244188
2025-05-09,1.2552346092974425
2025-05-12,1.1758435760531762
2025-05-13,1.0908796791755218
2025-05-14,1.014091948037875
2025-05-15,0.9597334683754016
2025-05-16,0.9399260600460242
2025-05-19,0.8861857545603812
2025-05-20,0.8798021031720884
2025-05-21,0.8444346116289633
2025-05-22,0.8102288612901388
2025-05-23,0.7967144490867477
2025-05-26,0.9860105844805188
2025-05-27,1.140618812403281
2025-05-28,1.1020080077124037
2025-05-29,1.0649985765817467
2025-05-30,1.0015264056756719
2025-06-02,0.9380846624488074
2025-06-03,0.8851307758624067
2025-06-04,0.8759872224576097
2025-06-05,0.8810802472403981
2025-06-06,0.8334886353391395
2025-06-09,0.7902791338886253
2025-06-10,0.7836136162441639
2025-06-11,0.8100836162880753
2025-06-12,0.7725003991782247
2025-06-13,0.7962557757267082
2025-06-16,0.8730499908299306
2025-06-17,0.8797082571264968
2025-06-18,0.9426723469640392
2025-06-19,0.9039483923137139
2025-06-20,0.9610458425455256
2025-06-23,1.031555573278824
2025-06-24,0.966151709224582
2025-06-25,1.1054306513251095
2025-06-26,1.0496196622053018
2025-06-27,1.0059498833159284
2025-06-30,1.1387032841829718
2025-07-01,1.068837925675654
2025-07-02,1.0666356506096795
2025-07-03,1.0067566502004304
2025-07-04,0.967030949716777
2025-07-07,0.9349727674251692
2025-07-08,0.9982717913796002
2025-07-09,0.9550497689325907
2025-07-10,1.0558110773516254
2025-07-11,0.9896681959754013
2025-07-14,0.9796727469697754
2025-07-15,0.9266130090139585
2025-07-16,0.8842501557129305
2025-07-17,0.836324212709664
2025-07-18,0.9925299226204347
2025-07-21,0.9343326562683362
2025-07-22,0.8756366697237974
2025-07-23,0.9349718452452982
2025-07-24,0.935430639257995
2025-07-25,0.8808303152640128
2025-07-28,0.8396758466171268
2025-07-29,0.8945011556426605
2025-07-30,0.935836095349448
2025-07-31,0.8795523889938286
2025-08-01,0.8903994841268433
2025-08-04,1.3672406638568748
2025-08-05,1.369789447947082
2025-08-06,1.2584593430863382
2025-08-07,1.1611619511705447
2025-08-08,1.1588838390119398
2025-08-11,1.0695978660288645
2025-08-12,1.0009084873628251
2025-08-13,0.9377972179907346
2025-08-14,0.9182508986970171
2025-08-15,0.9178629261455491
2025-08-18,0.8625668315863337
2025-08-19,0.8183640681092781
2025-08-20,0.7972926925982686
2025-08-21,0.7960675911075241
2025-08-22,0.7587932330306228
2025-08-25,0.7353897807952634
2025-08-26,0.7231553337718472
2025-08-27,0.7259092319750536
2025-08-28,0.7215081175452089
2025-08-29,0.6955783926187169
2025-09-01,0.7125104482083211
2025-09-02,0.7241558460581279
2025-09-03,1.1573381078577425
2025-09-04,1.073717351843365
2025-09-05,1.0387024058635235
2025-09-08,1.0080136066861598
2025-09-09,1.0028189490341473
2025-09-10,0.948117127123084
2025-09-11,0.9008523440360776
2025-09-12,0.8571964865678148
2025-09-15,0.8120601170758421
2025-09-16,0.7780287912824404
2025-09-17,1.0192012455238482
2025-09-18,0.9526859084369217
2025-09-19,1.0352596579364106
2025-09-22,0.9669182436975097
2025-09-23,0.9252178174974872
2025-09-24,0.8817034247699154
2025-09-25,0.8385784120940267
2025-09-26,0.8259459788285294
2025-09-29,0.8551552297821677
2025-09-30,0.8111824865653869
2025-10-01,0.8047714569604741
2025-10-02,0.8562824650412406
2025-10-03,0.9514901753935625
2025-10-06,0.8960271900279139
2025-10-07,0.8461550165843348
2025-10-08,0.8038667374891082
2025-10-09,0.8382102921998564
2025-10-10,0.7971951815757026
2025-10-13,0.962733177506962
2025-10-14,0.9326970609388396
2025-10-15,0.9093826805911366
2025-10-16,0.8619249308804173
2025-10-17,0.8296285981007451
2025-10-20,1.062864749180922
2025-10-21,1.2100116170146924
2025-10-22,1.122008513475497
2025-10-23,1.0792524906987937
2025-10-24,1.0064553735764377
2025-10-27,0.9410849886617532
2025-10-28,0.8905975405012727
2025-10-29,0.8417077529057954
2025-10-30,0.837190890892482
2025-10-31,0.7949097163168423
2025-11-03,0.8035583666185238
2025-11-04,0.8179396601564184
2025-11-05,0.8346578253504577
2025-11-06,0.8097430449293123
2025-11-07,0.9314357968808488
2025-11-10,0.9163934922113774
2025-11-11,1.0786192299222999
2025-11-12,1.0220696702223877
2025-11-13,1.0653862404712164
2025-11-14,1.1344478558429987
2025-11-17,1.083017640334698
2025-11-18,1.1115442592626406
2025-11-19,1.241592342060619
2025-11-20,1.140685745897611
2025-11-21,1.0719788447128604
2025-11-24,1.044585921453019
2025-11-25,1.0036912686680028
2025-11-26,1.0107120648956835
2025-11-27,1.0376515502094492
2025-11-28,0.969970214848924
2025-12-01,0.9167218524061753
2025-12-02,0.9527910675645916
2025-12-03,0.9166278467829828
2025-12-04,0.8645011773517157
2025-12-05,0.8739502306174877
2025-12-08,0.859906551638463
2025-12-09,0.8157549192574699
2025-12-10,0.7996459788891628
2025-12-11,0.7656845234999993
2025-12-12,0.7802908418476937
2025-12-15,0.7668766267671946
2025-12-16,0.739305136052756
2025-12-17,0.7524504830279698
2025-12-18,0.7464314928728292
2025-12-19,0.8091143573247964
2025-12-22,0.7840806098737718
2025-12-23,0.7507649804783715
2025-12-29,0.7273030112643332
2025-12-30,0.7023990604312099
2026-01-02,0.7131588750394052
2026-01-05,0.6942026682543071
2026-01-06,0.8348960664937122
2026-01-07,0.795327682943939
2026-01-08,0.8309155788735085
2026-01-09,0.791945360146144
2026-01-12,0.7824698140637437
2026-01-13,0.7776969533275556
2026-01-14,0.7491885276959432
2026-01-15,0.747192793079693
2026-01-16,0.7287763431744125
2026-01-19,0.7117003057135581
2026-01-20,0.8274874302495538
2026-01-21,0.866466914656699
2026-01-22,0.8511805392291396
2026-01-23,0.9100233419846484
2026-01-26,0.8705361892952942
2026-01-27,0.8345657677475423
2026-01-28,0.8029552884222035
2026-01-29,0.7792035008812395
2026-01-30,1.0243430017985617
2026-02-02,1.0256242914875127
2026-02-03,1.0368051848874649
2026-02-04,0.976810307294733
2026-02-05,0.9570503443222159
2026-02-06,0.9204375839211981
2026-02-09,0.931820342432341
2026-02-10,0.9711497064970195
2026-02-11,0.9214913570629659
2026-02-12,0.8944649958287658
2026-02-13,0.8516976241850456
2026-02-16,0.8192097651570903
2026-02-17,0.8016431422508983
