,sigma_gjr
2023-09-15,0.7690481825207561
2023-09-18,0.7551532574678739
2023-09-19,0.9028290850109862
2023-09-20,0.8860705796914459
2023-09-21,0.8549517090310229
2023-09-22,1.053205219698258
2023-09-25,0.9928734713562918
2023-09-26,1.0560772717728488
2023-09-27,1.1031910596445276
2023-09-28,1.0429386114014134
2023-09-29,0.9879569029215279
2023-10-02,0.937353966393725
2023-10-03,0.9969812029508287
2023-10-04,1.0779301355625364
2023-10-05,1.0143992002305802
2023-10-06,0.9644726523723756
2023-10-09,0.9269018814349101
2023-10-10,0.9430204737767741
2023-10-11,0.9316197337329546
2023-10-12,0.889334015138483
2023-10-13,0.8599735493026848
2023-10-16,1.1240009946147398
2023-10-17,1.0549064477992427
2023-10-18,0.9950979463124677
2023-10-19,1.0689775202500893
2023-10-20,1.0195700490198047
2023-10-23,1.2585641510819652
2023-10-24,1.1707516956027446
2023-10-25,1.0971831355992447
2023-10-26,1.031880301656709
2023-10-27,1.109111970894818
2023-10-30,1.0517600171463954
2023-10-31,0.9925028771644604
2023-11-01,0.9454738996396921
2023-11-02,0.9060416056370882
2023-11-03,0.8879231912020235
2023-11-06,0.8531332069137434
2023-11-07,0.8400816634942705
2023-11-08,0.8117579936959685
2023-11-09,0.7902268911453864
2023-11-10,0.7765552655498914
2023-11-13,0.8462799081504927
2023-11-14,0.8218663044021068
2023-11-15,0.827316539434509
2023-11-16,0.8091360013839569
2023-11-17,0.7858292903061823
2023-11-20,0.7735196126351399
2023-11-21,0.757567698862151
2023-11-22,0.7422350075763284
2023-11-23,0.7308829960890214
2023-11-24,0.7205040639978367
2023-11-27,0.7115946105783424
2023-11-28,0.7300413411300093
2023-11-29,0.7189202114741151
2023-11-30,0.7240759042112277
2023-12-01,0.7151944276051142
2023-12-04,0.7228104058049933
2023-12-05,0.7130135417097639
2023-12-06,0.712598139165662
2023-12-07,0.7116468081911417
2023-12-08,0.7083351342958327
2023-12-11,0.7086936730220321
2023-12-12,0.7016121950323663
2023-12-13,0.6951138103918417
2023-12-14,0.6937250253260346
2023-12-15,0.6893883559690053
2023-12-18,0.684360468183623
2023-12-19,0.7430970032234108
2023-12-20,0.7323362680812351
2023-12-21,0.7202100660960078
2023-12-22,0.7218516617849154
2023-12-27,0.7104428800457739
2023-12-28,0.7012325271823434
2023-12-29,0.7030993674094769
2024-01-02,0.6952339406712261
2024-01-03,0.6873826897329747
2024-01-04,0.9661804229563413
2024-01-05,0.9148701423704168
2024-01-08,0.87646305367201
2024-01-09,0.8468107283381131
2024-01-10,0.8198657450384528
2024-01-11,0.792344722724034
2024-01-12,0.8763046063864273
2024-01-15,0.8483988031076017
2024-01-16,0.851379813985742
2024-01-17,0.8324549910952947
2024-01-18,0.9024636982467947
2024-01-19,0.8687204780782242
2024-01-22,0.8349065832061789
2024-01-23,0.8109539721928192
2024-01-24,0.8015784333671762
2024-01-25,0.8010385124443099
2024-01-26,0.7767918843974411
2024-01-29,0.7570771086030078
2024-01-30,0.7414209436067997
2024-01-31,0.7268221722745607
2024-02-01,0.7399409140474563
2024-02-02,0.7354327844979518
2024-02-05,0.7216875395103847
2024-02-06,0.7096996776433103
2024-02-07,0.7050709157064111
2024-02-08,0.7640681538115724
2024-02-09,0.7453201834049205
2024-02-12,0.7358367036014607
2024-02-13,0.724738598195184
2024-02-14,0.8409916359843519
2024-02-15,0.8107716026520225
2024-02-16,0.7870174876400073
2024-02-19,0.7650198239869606
2024-02-20,0.748125125230308
2024-02-21,0.7343355557655326
2024-02-22,0.7194519206609524
2024-02-23,0.7306733284899668
2024-02-26,0.716128599437143
2024-02-27,0.7029190627438684
2024-02-28,0.6989856116603941
2024-02-29,0.6891052022306933
2024-03-01,0.683273108871108
2024-03-04,0.6765510767357564
2024-03-05,0.671104176499522
2024-03-06,0.6662453893543011
2024-03-07,0.660594199297203
2024-03-08,0.6625106076579486
2024-03-11,0.6614128525332928
2024-03-12,0.6820296718670689
2024-03-13,0.6937503753009294
2024-03-14,0.6833854789144649
2024-03-15,0.6764835734664317
2024-03-18,0.6685645016991945
2024-03-19,0.6615266091971617
2024-03-20,0.6566093269911102
2024-03-21,0.6518706028117548
2024-03-22,0.6590140524133034
2024-03-25,0.6531805564406219
2024-03-26,0.6491862080093135
2024-03-27,0.6512031639181615
2024-03-28,0.6499981191304781
2024-04-02,0.6451665665281122
2024-04-03,0.8489477678067727
2024-04-04,0.8162974363236567
2024-04-05,0.786478350091751
2024-04-08,0.9716342721082046
2024-04-09,0.9261675458131154
2024-04-10,1.0926109376425324
2024-04-11,1.0257231506055509
2024-04-12,1.0410647376554507
2024-04-15,0.9837988622141675
2024-04-16,0.9347576249807924
2024-04-17,1.1319466628915165
2024-04-18,1.0623436636324213
2024-04-19,1.0023477070786027
2024-04-22,0.9861032764197304
2024-04-23,0.938577866630898
2024-04-24,0.9144824630980333
2024-04-25,0.8816962743578028
2024-04-26,0.9612740264486257
2024-04-29,0.9281223771610161
2024-04-30,0.8907583283288629
2024-05-02,0.9861933562926934
2024-05-03,0.9389706314078922
2024-05-06,0.896244713227031
2024-05-07,0.8644546290847621
2024-05-08,0.8465947905310127
2024-05-09,0.8142092192512007
2024-05-10,0.7953494538245766
2024-05-13,0.7709438499711581
2024-05-14,0.7518544092141463
2024-05-15,0.7344078011596558
2024-05-16,0.7242554474683401
2024-05-17,0.7834196057035459
2024-05-20,0.7637700516458624
2024-05-21,0.7426967376576203
2024-05-22,0.7320443954044206
2024-05-23,0.724150894181585
2024-05-24,0.707298750406316
2024-05-27,0.6936073946209704
2024-05-28,0.6833874781789528
2024-05-29,0.7177773292488816
2024-05-30,0.8819375728907997
2024-05-31,0.8424873782240064
2024-06-03,0.8083204084774956
2024-06-04,0.7826674557026208
2024-06-05,0.9234793974612088
2024-06-06,0.8866886026747437
2024-06-07,0.8500890242847875
2024-06-10,0.8521119360134758
2024-06-11,0.8327924836037599
2024-06-12,0.864832237291028
2024-06-13,0.8460442791516798
2024-06-14,1.2619653204229726
2024-06-17,1.3753171941214728
2024-06-18,1.2753124390425072
2024-06-19,1.1882354571951894
2024-06-20,1.124216444722705
2024-06-21,1.0628172734392456
2024-06-24,1.029420040566276
2024-06-25,0.9784255190246952
2024-06-26,1.0061150733657183
2024-06-27,0.953152142498304
2024-06-28,0.9055732831796306
2024-07-01,0.8645728940207418
2024-07-02,0.8280952833200326
2024-07-03,0.8635953416747447
2024-07-04,0.8394420872768746
2024-07-05,0.8064820651151487
2024-07-08,0.7758766684935656
2024-07-09,0.7518162942957153
2024-07-10,0.9627454250383444
2024-07-11,0.9206052497043651
2024-07-12,0.8805587675447376
2024-07-15,0.8531331550413767
2024-07-16,0.9157738552302112
2024-07-17,0.892277713484787
2024-07-18,0.8776532895289613
2024-07-19,0.8667672723154065
2024-07-22,0.9628695058567505
2024-07-23,0.9271270602733135
2024-07-24,0.8871943624059204
2024-07-25,0.959532005152423
2024-07-26,0.939811130181819
2024-07-29,0.8961704136880045
2024-07-30,0.8927600689551981
2024-07-31,0.8537974812457465
2024-08-01,0.820746816748344
2024-08-02,1.3852250621820767
2024-08-05,1.7453752531146745
2024-08-06,1.8476690380820822
2024-08-07,1.692058238888082
2024-08-08,1.5689557429641625
2024-08-09,1.4485245355778344
2024-08-12,1.3419543218173586
2024-08-13,1.2469576482662146
2024-08-14,1.163933644904503
2024-08-15,1.0895091956623089
2024-08-16,1.0455439724456943
2024-08-19,0.9894157010924448
2024-08-20,0.9376324495862264
2024-08-21,0.905505676295394
2024-08-22,0.8635273118230024
2024-08-23,0.8247172538651776
2024-08-26,0.7976453611787767
2024-08-27,0.7678994270083782
2024-08-28,0.7442835861907172
2024-08-29,0.7264436581987037
2024-08-30,0.714061708499741
2024-09-02,0.6975910674586487
2024-09-03,0.6844347785056923
2024-09-04,0.8336652316022358
2024-09-05,0.9027148131162795
2024-09-06,0.8596783337475871
2024-09-09,1.1142661833823846
2024-09-10,1.0457709133131428
2024-09-11,1.0963892360655927
2024-09-12,1.026632992161568
2024-09-13,0.974299239320883
2024-09-16,0.9286257679141953
2024-09-17,0.8984692527834146
2024-09-18,0.8574204176540462
2024-09-19,0.819948979312638
2024-09-20,0.8116715538010282
2024-09-23,1.0879885281836514
2024-09-24,1.0217363134984712
2024-09-25,0.96661087479206
2024-09-26,0.936795768913601
2024-09-27,0.9136533571225156
2024-09-30,0.8823553685166396
2024-10-01,0.925032536356776
2024-10-02,0.924871450757347
2024-10-03,0.8867821737051137
2024-10-04,0.9316599998952517
2024-10-07,0.8864304735582506
2024-10-08,0.8459877384647558
2024-10-09,0.8156706948855434
2024-10-10,0.7941441066046065
2024-10-11,0.7740547236705239
2024-10-14,0.7564204201507285
2024-10-15,0.7389561278247424
2024-10-16,0.7206803681152396
2024-10-17,0.7163929157934705
2024-10-18,0.7068102275459133
2024-10-21,0.6927214137655308
2024-10-22,0.8460524985916035
2024-10-23,0.8150750598587413
2024-10-24,0.7909730805931934
2024-10-25,0.7635834123217687
2024-10-28,0.7390967834663198
2024-10-29,0.7196856361503802
2024-10-30,0.7148307443036482
2024-10-31,0.8989374491924182
2024-11-01,0.9805974553983622
2024-11-04,0.9322874268393879
2024-11-05,0.9277673990803028
2024-11-06,0.8818530754101986
2024-11-07,1.0146312874475125
2024-11-08,0.9787366266028903
2024-11-11,0.9997602628991746
2024-11-12,0.9543230773001155
2024-11-13,1.41657508427494
2024-11-14,1.3070769389750174
2024-11-15,1.2237972688671996
2024-11-18,1.1461551831790016
2024-11-19,1.072357653395722
2024-11-20,1.060738032392522
2024-11-21,1.0051325030978828
2024-11-22,0.9518169286261158
2024-11-25,0.9072944122998435
2024-11-26,0.8638072788727171
2024-11-27,0.8718108620298907
2024-11-28,0.8357444177775807
2024-11-29,0.8080682283576096
2024-12-02,0.7885966150257555
2024-12-03,0.7891259348800715
2024-12-04,0.761047150045296
2024-12-05,0.7504816290826366
2024-12-06,0.7310883524199635
2024-12-09,0.71168072288786
2024-12-10,0.7003048759102138
2024-12-11,0.6850471452180302
2024-12-12,0.6722945044609531
2024-12-13,0.6596831261054861
2024-12-16,0.6513278684729914
2024-12-17,0.6829079481471865
2024-12-18,0.688585531347398
2024-12-19,0.6718963375700949
2024-12-20,0.9585053163122089
2024-12-23,0.9297293033631807
2024-12-27,0.8834619593713836
2024-12-30,0.8432205640328574
2025-01-02,0.8265395620445521
2025-01-03,0.7927878584207435
2025-01-06,0.8197425313818223
2025-01-07,0.807203328687065
2025-01-08,0.7769320979096934
2025-01-09,0.7478408066778665
2025-01-10,0.7233176452321225
2025-01-13,0.7475792841242659
2025-01-14,0.7517479953402474
2025-01-15,0.7315877529595337
2025-01-16,0.7351255086638446
2025-01-17,0.7141698386802717
2025-01-20,0.7128421677355309
2025-01-21,0.6957437228575566
2025-01-22,0.6798769634776559
2025-01-23,0.6794140564112048
2025-01-24,0.6730422169181154
2025-01-27,0.6614276395400104
2025-01-28,0.7040335517405986
2025-01-29,0.6921969037900931
2025-01-30,0.6880047465445814
2025-01-31,0.6750926580281449
2025-02-03,0.6618101017931662
2025-02-04,0.9683419688104181
2025-02-05,0.9133585588461856
2025-02-06,0.8667220954239286
2025-02-07,0.845887453070656
2025-02-10,0.8507624827214869
2025-02-11,0.8147996810603945
2025-02-12,0.7838172544448331
2025-02-13,0.7570597978966656
2025-02-14,0.7761884177458115
2025-02-17,0.7819148756882064
2025-02-18,0.7707877511393634
2025-02-19,0.742826881728294
2025-02-20,1.1707102494956865
2025-02-21,1.1234038969914084
2025-02-24,1.050566162471999
2025-02-25,0.9883549462467066
2025-02-26,0.9324492719671963
2025-02-27,0.910749628966094
2025-02-28,1.0189547216823698
2025-03-03,0.9585699638587355
2025-03-04,0.9711290672309785
2025-03-05,2.0818876358822074
2025-03-06,1.9812196989520177
2025-03-07,1.8154157928268364
2025-03-10,1.8914350427094986
2025-03-11,1.9338248532993731
2025-03-12,1.8823348443738417
2025-03-13,1.7324608792322675
2025-03-14,1.6006378794757878
2025-03-17,1.496410850283369
2025-03-18,1.3788974363472462
2025-03-19,1.2802398959215007
2025-03-20,1.2005315771357605
2025-03-21,1.283834922589938
2025-03-24,1.210650831994978
2025-03-25,1.1254445213820978
2025-03-26,1.0635231637320732
2025-03-27,1.1620933212779359
2025-03-28,1.1390213206429551
2025-03-31,1.167880190067493
2025-04-01,1.282181778340029
2025-04-02,1.2165513078955768
2025-04-03,1.1777610415349542
2025-04-04,1.910093029896239
2025-04-07,3.2155214671478802
2025-04-08,3.665792644241817
2025-04-09,3.3162861396409946
2025-04-10,3.3904972056664464
2025-04-11,3.1447276148202183
2025-04-14,2.874120949589959
2025-04-15,2.6349772982672617
2025-04-16,2.3884400511287884
2025-04-17,2.155930942890014
2025-04-22,1.9637221860391467
2025-04-23,1.7799724501587095
2025-04-24,1.704439181521135
2025-04-25,1.5480919151412387
2025-04-28,1.4129442414351543
2025-04-29,1.287345331825734
2025-04-30,1.1819748814060214
2025-05-02,1.083328222646001
2025-05-05,1.12529527228363
2025-05-06,1.0610898000104791
2025-05-07,1.0076197102162079
2025-05-08,0.9881736158849077
2025-05-09,0.9409983606782495
2025-05-12,0.8884926471186744
2025-05-13,0.8447927812363684
2025-05-14,0.8031928758674951
2025-05-15,0.8083692086429308
2025-05-16,0.7816142052570454
2025-05-19,0.751499120021958
2025-05-20,0.734540142282126
2025-05-21,0.7143213397277661
2025-05-22,0.696716916419252
2025-05-23,0.7347308723605747
2025-05-26,1.0992274802482653
2025-05-27,1.0575332064647591
2025-05-28,0.992965197218752
2025-05-29,1.0198367297967645
2025-05-30,0.9807855033838205
2025-06-02,0.9199024074122588
2025-06-03,0.8803628222874067
2025-06-04,0.8409420243030695
2025-06-05,0.8102867759132821
2025-06-06,0.7756550496128051
2025-06-09,0.7471391443357024
2025-06-10,0.7777856250201388
2025-06-11,0.8561581733475719
2025-06-12,0.8177396764480827
2025-06-13,0.8769799626202329
2025-06-16,1.0133255991062022
2025-06-17,0.9543058445863863
2025-06-18,1.0800652425846475
2025-06-19,1.038016275668194
2025-06-20,1.140157322072078
2025-06-23,1.0756085617315558
2025-06-24,1.015684586468886
2025-06-25,0.9838066445819033
2025-06-26,0.977368559602986
2025-06-27,0.922130127206844
2025-06-30,0.9074849021945879
2025-07-01,0.900179972887193
2025-07-02,1.0041452359726968
2025-07-03,0.9418014150850755
2025-07-04,0.891281871097857
2025-07-07,0.9049939835419029
2025-07-08,0.8753828636461951
2025-07-09,0.8344974827363894
2025-07-10,0.8263347346764669
2025-07-11,0.8135039586625893
2025-07-14,0.8956255779367062
2025-07-15,0.8724030041833489
2025-07-16,0.8566607439448837
2025-07-17,0.8217995888512428
2025-07-18,0.8194437283365
2025-07-21,0.8028824215676085
2025-07-22,0.7687535199392449
2025-07-23,0.9472489534466154
2025-07-24,0.8998822907008738
2025-07-25,0.851398423502074
2025-07-28,0.8280675579507456
2025-07-29,0.9625022634998506
2025-07-30,0.9181711573948383
2025-07-31,0.86673207912063
2025-08-01,0.9307707110309745
2025-08-04,1.6976903874876492
2025-08-05,1.5574836629981894
2025-08-06,1.4188549500786618
2025-08-07,1.2992967784579106
2025-08-08,1.207865958250195
2025-08-11,1.1179969531405245
2025-08-12,1.0536029287987672
2025-08-13,0.9904765392740955
2025-08-14,0.934347990737639
2025-08-15,0.8893969062670098
2025-08-18,0.8422454786909152
2025-08-19,0.8077194298515427
2025-08-20,0.7759013932964339
2025-08-21,0.8124421618298585
2025-08-22,0.7762752873166885
2025-08-25,0.7469589495842912
2025-08-26,0.7495325186614349
2025-08-27,0.7739703453872051
2025-08-28,0.7809781026138843
2025-08-29,0.7499887745568676
2025-09-01,0.7868177499564882
2025-09-02,0.7606978584637658
2025-09-03,1.4389200346529045
2025-09-04,1.3056620884591905
2025-09-05,1.2083799390705732
2025-09-08,1.179870549596883
2025-09-09,1.1033464561820656
2025-09-10,1.0458265887903664
2025-09-11,0.9956862454181193
2025-09-12,0.9354628880282619
2025-09-15,0.8827548858866414
2025-09-16,0.8381898109826807
2025-09-17,1.2230340434121496
2025-09-18,1.1318289384830118
2025-09-19,1.0755128150400977
2025-09-22,1.0072923435106065
2025-09-23,0.9769175047914054
2025-09-24,0.9209803952292956
2025-09-25,0.8718930741510686
2025-09-26,0.877765620826435
2025-09-29,0.8467139376801588
2025-09-30,0.80790050788196
2025-10-01,0.7810289108980513
2025-10-02,0.7703116346096794
2025-10-03,0.7743809191245083
2025-10-06,0.7533372177234382
2025-10-07,0.7297857332027589
2025-10-08,0.7101910799775165
2025-10-09,0.7093912587190834
2025-10-10,0.693279867238973
2025-10-13,1.0367197182698997
2025-10-14,0.9755813912190756
2025-10-15,0.9717986897953264
2025-10-16,0.9225332690005132
2025-10-17,0.8751380086234428
2025-10-20,1.2591823728427
2025-10-21,1.2030741601315595
2025-10-22,1.1152303032307747
2025-10-23,1.1066697860201875
2025-10-24,1.032037168315376
2025-10-27,0.9662717589304834
2025-10-28,0.9106049097530005
2025-10-29,0.8643360724922077
2025-10-30,0.887021082356895
2025-10-31,0.841763541496249
2025-11-03,0.8756653947257442
2025-11-04,0.8407403172723333
2025-11-05,0.8957718914260041
2025-11-06,0.8517894894866205
2025-11-07,1.065357487174079
2025-11-10,1.057786080949038
2025-11-11,1.0255091631061046
2025-11-12,0.9634215396718809
2025-11-13,0.9288201424609839
2025-11-14,1.1443156531816763
2025-11-17,1.120665848016861
2025-11-18,1.2174099039889728
2025-11-19,1.4525726060138053
2025-11-20,1.3299029440233723
2025-11-21,1.2247997237088994
2025-11-24,1.2063417218714017
2025-11-25,1.1217209192370385
2025-11-26,1.0567260261460278
2025-11-27,1.0059280209706258
2025-11-28,0.9463271747346415
2025-12-01,0.8954807720493361
2025-12-02,1.0017652637334236
2025-12-03,0.9453991649025779
2025-12-04,0.8936587044070617
2025-12-05,0.858010042818725
2025-12-08,0.8238111221277273
2025-12-09,0.7886076955527438
2025-12-10,0.7630398989312202
2025-12-11,0.7404861065367988
2025-12-12,0.726358231192519
2025-12-15,0.7433557065627859
2025-12-16,0.721459478140356
2025-12-17,0.7734373084349718
2025-12-18,0.7850907093199636
2025-12-19,0.7722523501100859
2025-12-22,0.7471377810570058
2025-12-23,0.7237124372317842
2025-12-29,0.7047565533550982
2025-12-30,0.6875567995810337
2026-01-02,0.6797202601334975
2026-01-05,0.667126731482723
2026-01-06,0.6944673230769199
2026-01-07,0.6796209174413371
2026-01-08,0.6854091377578393
2026-01-09,0.6719089614347871
2026-01-12,0.6668872124705918
2026-01-13,0.663656714860111
2026-01-14,0.6538243341914305
2026-01-15,0.696071169163252
2026-01-16,0.6818266500328238
2026-01-19,0.6770770334389715
2026-01-20,0.9334126320506906
2026-01-21,1.0154558005522223
2026-01-22,0.9946250724240213
2026-01-23,0.9575386027033974
2026-01-26,0.9054927640621467
2026-01-27,0.860802266029244
2026-01-28,0.8253997812853553
2026-01-29,0.8034363173094147
2026-01-30,1.2441418742977082
2026-02-02,1.1761561999448504
2026-02-03,1.115907212294366
2026-02-04,1.050460815987405
2026-02-05,1.0448320379431129
2026-02-06,1.0058526760533884
2026-02-09,0.9610383247689772
2026-02-10,0.9323809994567979
2026-02-11,0.8848727518715843
2026-02-12,0.8787989802913362
2026-02-13,0.8367360033770731
2026-02-16,0.8012467276721588
2026-02-17,0.801089446708178
