Date,ret,rv_abs,sigma_garch,sigma_gjr,sigma2_garch,sigma2_gjr
2023-09-14,0.9616287303144746,0.9616287303144746,0.7095562348279977,0.7512083971905463,0.5034700503832845,0.5643140560095896
2023-09-15,0.5567428783243866,0.5567428783243866,0.7656140877557887,0.7428731577847318,0.5861649313701284,0.5518605285570591
2023-09-18,-1.0525507256928552,1.0525507256928552,0.7652630885877647,0.7295757031503978,0.585627594754885,0.5322807066273973
2023-09-19,-0.3990859364067893,0.3990859364067893,0.8228629344465443,0.8471172397499895,0.677103408885978,0.7176076178816413
2023-09-20,0.744830214040099,0.744830214040099,0.8036310878982769,0.8370054823915307,0.6458229254365679,0.7005781775534791
2023-09-21,-1.3378599108415867,1.3378599108415867,0.8153085271977363,0.8153656903466563,0.6647279945213419,0.6648212089944794
2023-09-22,-0.0936120220512701,0.0936120220512701,0.9068444415230604,0.9788432025735472,0.8223668411212713,0.9581340152244384
2023-09-25,-0.9805386957205736,0.9805386957205736,0.8675688999600393,0.9382241195895773,0.7526757961778727,0.8802644985796375
2023-09-26,-0.9759599905361404,0.9759599905361404,0.8958938060756363,0.9951400159365588,0.8026257117646898,0.9903036513182145
2023-09-27,-0.25215461812357,0.25215461812357,0.9201044290479746,1.0413988719083822,0.8465921603536994,1.0845116104120511
2023-09-28,0.6944789225067006,0.6944789225067006,0.882579574298972,0.9996644860619452,0.7789467049697547,0.999329084693493
2023-09-29,0.4108108261458599,0.4108108261458599,0.8773053277344854,0.9601547300161544,0.7696646380713129,0.9218971055723943
2023-10-02,-0.9099173076763926,0.9099173076763926,0.8520357446907566,0.9225304458457861,0.7259649102307322,0.851062423512425
2023-10-03,-1.068174189590285,1.068174189590285,0.8742497120029926,0.9689628543625705,0.7643125589373155,0.9388890131344598
2023-10-04,0.0974649581371627,0.0974649581371627,0.9129338550659013,1.0358255824877207,0.8334482237254881,1.072934637336026
2023-10-05,-0.1968847691965825,0.1968847691965825,0.8728327087143812,0.9894600837158681,0.7618369374016838,0.9790312572670127
2023-10-06,1.0531441313921008,1.0531441313921008,0.8399294061273939,0.9539664803357409,0.7054814072775165,0.9100520456041615
2023-10-09,-0.6697408387907724,0.6697408387907724,0.8831351619338668,0.9237132368855778,0.7799277142439571,0.8532461439976317
2023-10-10,1.9338960806318537,1.9338960806318537,0.8756176419658491,0.9338478380327709,0.7667062549218339,0.8720717845984803
2023-10-11,0.2363088169419606,0.2363088169419606,1.0666638089746805,0.9260246887547247,1.1377716813763736,0.8575217241832847
2023-10-12,-0.2265142418434755,0.2265142418434755,1.0122259679643135,0.8902669779480211,1.0246014102212915,0.7925752920247022
2023-10-13,-1.5574111193234097,1.5574111193234097,0.9638379336905916,0.8636425099110343,0.9289835624209493,0.745878384925431
2023-10-16,0.337424595961899,0.337424595961899,1.0596169443133898,1.0730267205406818,1.1227880686760456,1.1513863429942903
2023-10-17,0.0898677581145981,0.0898677581145981,1.0097146641992647,1.022894994853482,1.019523703099034,1.046314170496305
2023-10-18,-1.0332733505565326,1.0332733505565326,0.9591476008065731,0.9770581250671065,0.9199641201330054,0.9546425797596496
2023-10-19,-0.3296582660916618,0.3296582660916618,0.9787943723112419,1.0365963246748562,0.958038423268158,1.07453194032942
2023-10-20,-1.6537250021769485,1.6537250021769485,0.9377063496922,0.9996768135243881,0.8792931982530705,0.9993537314982742
2023-10-23,0.0152031190441692,0.0152031190441692,1.0551264312444024,1.1898807416429074,1.113291785910549,1.4158161793326753
2023-10-24,0.5338216254913195,0.5338216254913195,1.001663378119478,1.1305098293446856,1.0033295230657242,1.2780524742449502
2023-10-25,0.0822195964130725,0.0822195964130725,0.9681465772928212,1.0767964748309975,0.9373077951238045,1.1594906482084628
2023-10-26,-1.0878724208663224,1.0878724208663224,0.9217228044406501,1.0274023749469938,0.8495729282259369,1.0555556400467232
2023-10-27,-0.2966822906791264,0.2966822906791264,0.9540966189067379,1.0849318226413132,0.910300358209269,1.177077059779802
2023-10-30,0.1981359113235535,0.1981359113235535,0.9144715485272222,1.043044960625143,0.8362582130657757,1.087942789885506
2023-10-31,0.6353540949674668,0.6353540949674668,0.8764177155921199,0.9980831117872233,0.7681080122037099,0.9961698980348669
2023-11-01,0.759613332444547,0.759613332444547,0.8665582671673726,0.959411621896324,0.7509232303961195,0.920470660229735
2023-11-02,1.4656266410818382,1.4656266410818382,0.869235371068533,0.9252691830476183,0.7555701303166503,0.856123061097607
2023-11-03,0.3009966137605249,0.3009966137605249,0.9675510518165634,0.9052350962192015,0.9361550378713381,0.8194505794269871
2023-11-06,-0.351392858762129,0.351392858762129,0.9271060146743415,0.8724937584184619,0.8595255624453403,0.7612453584791733
2023-11-07,0.1100738786106285,0.1100738786106285,0.8930277307759912,0.8546759727461062,0.7974985279349162,0.7304710183895028
2023-11-08,0.5066125961720225,0.5066125961720225,0.8552369816005153,0.8252792988202732,0.7314302946971603,0.6810859210612817
2023-11-09,0.8040058240867269,0.8040058240867269,0.8381182564205784,0.8010111199997767,0.7024422117454703,0.6416188143632966
2023-11-10,-0.7725586025069316,0.7725586025069316,0.8499144485385373,0.782780471115418,0.7223545698345659,0.6127452659596758
2023-11-13,0.7234338895524853,0.7234338895524853,0.8567344727930742,0.8315206067187666,0.733993956872027,0.6914265193979456
2023-11-14,1.740577862138782,1.740577862138782,0.8577463946169938,0.8098179482636454,0.7357288774784515,0.6558051093299403
2023-11-15,0.8528696390834213,0.8528696390834213,1.0104088535689815,0.8108736441786356,1.0209260513705836,0.6575160668235406
2023-11-16,0.24379715599134,0.24379715599134,1.0020597277744219,0.7932153378961047,1.0041236980273487,0.6291905722736314
2023-11-17,0.8361290376463646,0.8361290376463646,0.9559232075102128,0.7710962072744469,0.9137891786566132,0.5945893608730368
2023-11-20,-0.1120666580541593,0.1120666580541593,0.9533681551342117,0.7574355795708687,0.9089108392240104,0.5737086571998578
2023-11-21,-0.0050299239027282,0.0050299239027282,0.9093553484214377,0.7403476552100486,0.8269271497026744,0.5481146505750171
2023-11-22,0.3596551595645857,0.3596551595645857,0.8692696412785489,0.7237655173847309,0.755629709248537,0.5238365241551873
2023-11-23,0.2310311494073794,0.2310311494073794,0.8423850681480924,0.7107401670415424,0.7096126030388664,0.5051515850462397
2023-11-24,0.2170843100155807,0.2170843100155807,0.81294858349157,0.6973939533099143,0.6608853994009501,0.4863583261132309
2023-11-27,-0.3945522850599633,0.3945522850599633,0.7865574350371786,0.6857132944091215,0.6186725986122654,0.47020272212941056
2023-11-28,0.1645844843406254,0.1645844843406254,0.7710548312194665,0.6955561603553713,0.5945255527468799,0.4837983722083069
2023-11-29,1.0807631821599466,1.0807631821599466,0.7475374669829996,0.6834697412663149,0.5588122645433592,0.46713088722664337
2023-11-30,0.302511958645477,0.302511958645477,0.8119190406906814,0.6845353100480037,0.6592125286360764,0.46858859070251657
2023-12-01,1.1166836505028106,1.1166836505028106,0.7884906365300554,0.6744262084895997,0.6217174838955719,0.4548507106976569
2023-12-04,0.0441447036472812,0.0441447036472812,0.8497574735739847,0.6788598818934574,0.7220877638948412,0.4608507392443989
2023-12-05,0.7793476771123728,0.7793476771123728,0.8160088815839015,0.6687166742906284,0.6658704948238098,0.4471819904743184
2023-12-06,0.7431896493775858,0.7431896493775858,0.8287070703066051,0.6662133252569975,0.6867554083761565,0.44384019474998593
2023-12-07,-0.1649323756979799,0.1649323756979799,0.8353426481850393,0.6633156942675633,0.6977973398767945,0.43998771026165956
2023-12-08,0.7801024705102276,0.7801024705102276,0.8050936848786664,0.6586543124602151,0.6481758414315094,0.43382550332243863
2023-12-11,0.2098668662753746,0.2098668662753746,0.8192605322658146,0.6574233160097235,0.671187819728466,0.43220541643322075
2023-12-12,-0.0160152416128724,0.0160152416128724,0.7914150515764772,0.6498530636782052,0.6263377838617981,0.42230900437194935
2023-12-13,-0.1531057758321442,0.1531057758321442,0.7633840765198427,0.6426769351905743,0.5827552482840531,0.41303364302594964
2023-12-14,-0.0824643315097979,0.0824643315097979,0.7401982050190566,0.639705717011258,0.5478933827134334,0.4092234043768877
2023-12-15,-0.004721964053434,0.004721964053434,0.7183743594592934,0.6345605862373392,0.51606172032855,0.40266713760587564
2023-12-18,-0.6040896244381847,0.6040896244381847,0.6988438651878011,0.6281147848756298,0.4883827479106255,0.39452818297935865
2023-12-19,0.5621184724288284,0.5621184724288284,0.711585972685316,0.6759789129271959,0.5063545965225072,0.45694749072223356
2023-12-20,-0.0678628254225011,0.0678628254225011,0.7183422870376714,0.6687809572263966,0.5160156413465123,0.4472679687486554
2023-12-21,-0.2730714844525453,0.2730714844525453,0.6985888205401999,0.6595181866288581,0.48802634018374763,0.43496423849421734
2023-12-22,0.1123554682210487,0.1123554682210487,0.6872123973708706,0.6604320729120964,0.47226087910021936,0.43617052293096853
2023-12-27,0.2146039854072149,0.2146039854072149,0.6716196059696121,0.6515288447111852,0.4510728951227771,0.4244898354906917
2023-12-28,-0.2423155732024419,0.2423155732024419,0.6608638111823051,0.6425951815403027,0.43674097693040137,0.41292856733881456
2023-12-29,0.2994624971626512,0.2994624971626512,0.6526178875922631,0.6434260340637357,0.42591010720538774,0.41399706131098757
2024-01-02,0.1057173213820018,0.1057173213820018,0.6479846269214851,0.6366788142016829,0.41988407672657624,0.40535991245326103
2024-01-03,-1.3868991583284898,1.3868991583284898,0.6369076658465059,0.6293402113281107,0.4056513748140445,0.3960691015945111
2024-01-04,0.4759280290394104,0.4759280290394104,0.7831327730354269,0.8572208349656323,0.6132969402021575,0.7348275598991758
2024-01-05,-0.1389767322435139,0.1389767322435139,0.7725463699168242,0.8301929578258174,0.5968278936716627,0.6892203472235794
2024-01-08,0.7340607192363031,0.7340607192363031,0.7468406299393295,0.8028389583566712,0.5577709265281745,0.6445503930552248
2024-01-09,-0.168307006473176,0.168307006473176,0.7641882325290059,0.7834109262122616,0.583983654735806,0.6137326793087535
2024-01-10,0.0086953351805129,0.0086953351805129,0.7408142490783998,0.7645051538850413,0.5488057516375933,0.5844681303167907
2024-01-11,-0.859179928062285,0.859179928062285,0.7183828519833568,0.7453674327086072,0.5160739220237416,0.55557260974262
2024-01-12,0.9475181747553496,0.9475181747553496,0.7553734971600917,0.8106397114144571,0.570589120211867,0.6571367417221143
2024-01-15,-0.4941371965947412,0.4941371965947412,0.797159123024369,0.7931620948192879,0.6354626674209811,0.629106108658121
2024-01-16,-0.3045201322342683,0.3045201322342683,0.7859019284184803,0.7976527480481825,0.6176418410918861,0.6362499064688174
2024-01-17,-0.8483441393796812,0.8483441393796812,0.7651257826089931,0.7854129903918329,0.5854174632130242,0.6168735654762414
2024-01-18,0.8222113392252062,0.8222113392252062,0.7920003273892199,0.8405173487638784,0.6272645185846315,0.7064694135730593
2024-01-19,-0.0737791999955264,0.0737791999955264,0.8117573387320706,0.8186790481183684,0.6589499769853735,0.6702353838279979
2024-01-22,0.7715702540190797,0.7715702540190797,0.7811715383334558,0.7940215244890731,0.6102289723022578,0.6304701813519519
2024-01-23,-0.3378494502023984,0.3378494502023984,0.7968506730697434,0.7762485328516883,0.6349709951717032,0.6025617847543985
2024-01-24,1.568370612352123,1.568370612352123,0.7768391580180876,0.7692053496423032,0.6034790774302512,0.591676869918338
2024-01-25,0.1006011302378808,0.1006011302378808,0.9134193700993639,0.7640091250013346,0.8343349456727188,0.5837099430853049
2024-01-26,0.3216620446146262,0.3216620446146262,0.874128188474174,0.7457229038600162,0.764100089885141,0.5561026493414148
2024-01-29,-0.1160937424798049,0.1160937424798049,0.8450149133107774,0.7298079970157573,0.7140502037176206,0.5326197125081515
2024-01-30,0.1806266952600262,0.1806266952600262,0.813069682274217,0.7162821335337937,0.6610823082334962,0.5130600948197234
2024-01-31,-0.4048882404080683,0.4048882404080683,0.785659852861606,0.7025469830803692,0.6172614043985204,0.4935722634353287
2024-02-01,-0.264911268204156,0.264911268204156,0.7706845618113929,0.7098911569788672,0.5939546938144187,0.5039454547567946
2024-02-02,0.3503656190535221,0.3503656190535221,0.7505520448316567,0.7050433318808332,0.5633283720009812,0.4970860998296268
2024-02-05,-0.0836749918298895,0.0836749918298895,0.7352788059718751,0.6921076683069827,0.5406349225114263,0.47901302452932837
2024-02-06,0.7612880719440723,0.7612880719440723,0.7144960155165649,0.6815347277325194,0.5105045561890473,0.4644895851054395
2024-02-07,-0.6554500720230801,0.6554500720230801,0.7403237159273146,0.6758822638790151,0.5480792043644271,0.4568168346262226
2024-02-08,0.2471192831997178,0.2471192831997178,0.7511587030874458,0.719429577647733,0.5642393972240135,0.5175789171943954
2024-02-09,-0.2202993782380713,0.2202993782380713,0.7331876509015348,0.7059871922765751,0.5375641314345109,0.49841791565856186
2024-02-12,0.6527528784014754,0.6527528784014754,0.7162611246188879,0.6993056125863885,0.5130299986403141,0.489028339794824
2024-02-13,-0.9229306744622006,0.9229306744622006,0.730547117621587,0.690517521699062,0.5336990910652089,0.4768144477734146
2024-02-14,0.3822496057037969,0.3822496057037969,0.7739936228334334,0.7805724252107583,0.5990661281868233,0.6092933109994049
2024-02-15,0.5954858644379811,0.5954858644379811,0.7595215189943519,0.7613771235991695,0.5768729378154878,0.579695124340145
2024-02-16,0.4141776969236116,0.4141776969236116,0.7621367341047092,0.745535075645945,0.5808524014717922,0.5558225490184049
2024-02-19,-0.1472079125049205,0.1472079125049205,0.7509522020812012,0.7299731822833506,0.5639292098106051,0.5328608468528818
2024-02-20,-0.1395175704703923,0.1395175704703923,0.7297842972511535,0.7172613105324446,0.5325851205143599,0.51446378758672
2024-02-21,0.290696135291251,0.290696135291251,0.7106735177028347,0.705525590120448,0.5050568487641214,0.4977663583148064
2024-02-22,1.4632940280449829,1.4632940280449829,0.6990908018472939,0.6931679830706877,0.48872794922749235,0.4804818527542852
2024-02-23,0.2810071953807722,0.2810071953807722,0.839656671236529,0.6984998682706077,0.7050233255520085,0.4879020659740564
2024-02-26,0.0223886567466426,0.0223886567466426,0.8124403256325057,0.6868562732711682,0.6600592827138518,0.4717715401319576
2024-02-27,0.7619295273403105,0.7619295273403105,0.7828678163235493,0.6757530199538164,0.6128820178352026,0.456642143976703
2024-02-28,0.2544562298983276,0.2544562298983276,0.7978145396288805,0.670568470522014,0.6365080396432425,0.44966207365823313
2024-02-29,0.4363387697094966,0.4363387697094966,0.7745234994612139,0.661655549600261,0.5998866512176451,0.43778806631682343
2024-03-01,0.3212407367573934,0.3212407367573934,0.7628939771204856,0.6546473525667228,0.582007220326712,0.4285631562226191
2024-03-04,-0.1066275385050985,0.1066275385050985,0.7463713202567954,0.6476973505416033,0.5570701477018718,0.41951185789861256
2024-03-05,-0.1003515365818269,0.1003515365818269,0.7247257205687668,0.6418743204697062,0.5252273700539183,0.4120026432784471
2024-03-06,0.1034052855964254,0.1034052855964254,0.7054168702526308,0.6365361768477601,0.497612960837017,0.40517830443596287
2024-03-07,0.7094530922551384,0.7094530922551384,0.6882150040610552,0.6303064519546138,0.47363989181475824,0.3972862233756138
2024-03-08,-0.1589565251828572,0.1589565251828572,0.7121591797666877,0.628985114370549,0.5071706973259615,0.39562227409973266
2024-03-11,-0.3837954031859242,0.3837954031859242,0.6951108521331752,0.6267252657686164,0.483179096753309,0.3927845587527429
2024-03-12,1.2256182194385463,1.2256182194385463,0.6898432935585764,0.6414522732209949,0.4758837696677442,0.41146101882038183
2024-03-13,-0.0207563589655537,0.0207563589655537,0.7868034397934071,0.647846995588913,0.6190596528707375,0.41970572969358105
2024-03-14,-0.1077434895516357,0.1077434895516357,0.7597095017802135,0.6400639298291376,0.5771585270951402,0.40968183426831917
2024-03-15,-0.0300382873379964,0.0300382873379964,0.7362833353465696,0.6347381327651944,0.5421131499090691,0.40289249718624554
2024-03-18,-0.0221398232560864,0.0221398232560864,0.7146723439530086,0.6282161806619485,0.5107565592112874,0.394655569645486
2024-03-19,0.3051800118650186,0.3051800118650186,0.6954254477163004,0.6222168098650689,0.48361655333141695,0.38715375847866323
2024-03-20,0.1535478784097713,0.1535478784097713,0.6855383940595465,0.6177534433944823,0.46996288972974204,0.38161931682573996
2024-03-21,0.9068825687253148,0.9068825687253148,0.6712816888008067,0.6129277416555803,0.4506191057192631,0.37568041649100975
2024-03-22,0.146705064961775,0.146705064961775,0.7222259477931227,0.6161262254030447,0.5216103196656744,0.3796115256294034
2024-03-25,0.3036759629654587,0.3036759629654587,0.7034795724926726,0.6113641901498947,0.49488350891447336,0.3737661729976366
2024-03-26,0.6715093919433112,0.6715093919433112,0.6923187652627154,0.6077113099256201,0.47930527273489076,0.36931303621151307
2024-03-27,0.5031839853687976,0.5031839853687976,0.7109466536317574,0.6078955789945231,0.5054451443101939,0.3695370349610865
2024-03-28,0.0833138568696976,0.0833138568696976,0.7114027781449758,0.606072315364238,0.5060939127523896,0.3673236514509684
2024-04-02,-1.1385892638780295,1.1385892638780295,0.6923336668902592,0.6020086203918162,0.47932590630971234,0.36241437902605794
2024-04-03,0.4615990643743557,0.4615990643743557,0.7733348972699884,0.7652737845335458,0.5980468633355834,0.5856439652942959
2024-04-04,0.1925991141967733,0.1925991141967733,0.7626490450691399,0.7462076765593195,0.581633565944871,0.5568258965560581
2024-04-05,-1.2471632880227137,1.2471632880227137,0.7402404752115793,0.7282455063309013,0.5479559611414648,0.5303415174911509
2024-04-08,0.7888000679608055,0.7888000679608055,0.8278422658150117,0.8828967641166887,0.6853228170697325,0.7795066960877199
2024-04-09,-1.3313940610920385,1.3313940610920385,0.8376033916330323,0.8549209789716565,0.701579441675159,0.7308898802858557
2024-04-10,0.1139566313916028,0.1139566313916028,0.9179553442350604,0.9984304804415918,0.8426420140097083,0.9968634242748279
2024-04-11,-0.7923106969112904,0.7923106969112904,0.8777885154685449,0.9573141151666795,0.7705126778884719,0.9164503150973625
2024-04-12,-0.1346540004377691,0.1346540004377691,0.8810381015444484,0.978170445338802,0.7762281363730457,0.9568174201343103
2024-04-15,0.5354187626759636,0.5354187626759636,0.8445700470461687,0.9381161299804698,0.7132985643675676,0.8800618733295337
2024-04-16,-1.4547848971801618,1.4547848971801618,0.8305261546054372,0.9057910377284011,0.6897736934836947,0.8204574040290937
2024-04-17,0.0213250554819905,0.0213250554819905,0.9316432542227641,1.0613820621168704,0.8679591531387818,1.1265318817834602
2024-04-18,0.3784657240037666,0.3784657240037666,0.8896163099844913,1.0158874736148997,0.7914171789904225,1.0320273590476634
2024-04-19,-0.5624284183328198,0.5624284183328198,0.8609624744402775,0.975568582676538,0.7412563823943255,0.9517340595055092
2024-04-22,0.693529668303137,0.693529668303137,0.8465684246444785,0.9660254824542428,0.716678097605034,0.9332052327509526
2024-04-23,1.5381498851941169,1.5381498851941169,0.8446885277246884,0.9321066596084328,0.7134987088697016,0.8688228248863907
2024-04-24,-0.2702519144003532,0.2702519144003532,0.9563236416703486,0.9084318061691339,0.9145549076176372,0.8252483464597148
2024-04-25,-0.9521819658271264,0.9521819658271264,0.9162422481185893,0.8839539379383743,0.8394998572374067,0.7813745643967592
2024-04-26,1.3511404392249289,1.3511404392249289,0.9300574774146069,0.9392263138119676,0.865006911294822,0.8821460685568167
2024-04-29,-0.2353377128828865,0.2353377128828865,0.9937643706180944,0.9131023681808095,0.9875676243099772,0.8337559347774026
2024-04-30,-1.032729618214251,1.032729618214251,0.9488899412953681,0.8863500602856255,0.9003921206915271,0.7856164293683319
2024-05-02,-0.1991139148488078,0.1991139148488078,0.9668526536960285,0.9548774977447037,0.9348040539590523,0.9117910356991865
2024-05-03,0.5855458133382536,0.5855458133382536,0.9244979408642838,0.9235902140686347,0.8546964426623009,0.8530188835233464
2024-05-06,0.9598008131742796,0.9598008131742796,0.9044629551897688,0.8928537011243316,0.8180532373106097,0.7971877316114172
2024-05-07,1.392389776909481,1.392389776909481,0.920937306278216,0.8668473489081657,0.8481255220949766,0.7514243263091153
2024-05-08,0.3700680103170389,0.3700680103170389,0.9917908943281128,0.8473374151468279,0.983649178072158,0.7179806951077078
2024-05-09,1.012346141279731,1.012346141279731,0.9525964793831783,0.8223393164059032,0.9074400525332259,0.6762419513069281
2024-05-10,0.4604987751622837,0.4604987751622837,0.96790924231878,0.8034023379817741,0.9368483013661147,0.6454553166745808
2024-05-13,-0.1632885813641824,0.1632885813641824,0.9354412308458298,0.7822452895788645,0.8750502963663609,0.6119076930683216
2024-05-14,-0.1377561219501679,0.1377561219501679,0.8955668299800073,0.7646823730432567,0.8020399469604392,0.5847391316430665
2024-05-15,0.8138200143103556,0.8138200143103556,0.858924891450629,0.7479186897257668,0.7377519691534749,0.5593823664411078
2024-05-16,-0.6942605969100953,0.6942605969100953,0.8665792753003668,0.734076821732847,0.7509596403801089,0.5388687802053982
2024-05-17,-0.1836948053896265,0.1836948053896265,0.8620086759076366,0.7722068537284904,0.743058957340037,0.5963034249452542
2024-05-20,0.3444636056986854,0.3444636056986854,0.8296490697269121,0.7565514003113659,0.6883175788987307,0.5723700213130886
2024-05-21,-0.2250986987468292,0.2250986987468292,0.8061228669982304,0.7391718665312706,0.6498340766974467,0.5463750482713225
2024-05-22,-0.248940690098104,0.248940690098104,0.7805939251207001,0.7285300825406386,0.6093268759353412,0.5307560811666696
2024-05-23,0.059516413663495,0.059516413663495,0.7585644170581498,0.7201981722267383,0.5754199748267707,0.5186854072787346
2024-05-24,0.0109607871940305,0.0109607871940305,0.7345650744515858,0.7054414234110623,0.5395858486040638,0.49764760186422574
2024-05-27,0.4341931825481289,0.4341931825481289,0.712747314329242,0.6919253586684607,0.5080087340835473,0.478760701968478
2024-05-28,-0.5171446800186583,0.5171446800186583,0.7076132639095933,0.6806460958243529,0.5007165312607877,0.4632791077609341
2024-05-29,-1.1013500301549617,1.1013500301549617,0.7090139198524238,0.7013926359600824,0.5027007385444993,0.4919516297790327
2024-05-30,0.1271298539624551,0.1271298539624551,0.7779175915336796,0.8199494405892183,0.6051557792175608,0.672317085122572
2024-05-31,0.0062192137719634,0.0062192137719634,0.7526199789885073,0.7960103933233782,0.5664368327726612,0.6336325462788392
2024-06-03,0.5940857619672008,0.5940857619672008,0.7287993994882491,0.774331004928408,0.5311485646944325,0.5995885051934382
2024-06-04,-1.0943029245612654,1.0943029245612654,0.7334344028765791,0.7562322055700407,0.5379260233229242,0.5718871487413283
2024-06-05,0.9209992193333072,0.9209992193333072,0.7954027633827141,0.8591570689113956,0.6326655559968579,0.7381508690604206
2024-06-06,0.4122129657173716,0.4122129657173716,0.8233218808535733,0.8360199781329853,0.6778589194922655,0.6989294038374773
2024-06-07,-0.5127694431069029,0.5127694431069029,0.8038344182964994,0.81214317436487,0.6461497720380716,0.6595765356674478
2024-06-10,-0.3367089255844471,0.3367089255844471,0.7923975931420776,0.8155234916250901,0.6278939456173575,0.6650785653923783
2024-06-11,-0.6778908249741008,0.6778908249741008,0.7725417844879139,0.8042912213799338,0.5968208087797704,0.6468843687888256
2024-06-12,1.410370884898602,1.410370884898602,0.7781756724192611,0.8278301666562793,0.6055573771451692,0.6853027848261631
2024-06-13,-1.9795439985809713,1.9795439985809713,0.8795524404522721,0.8122203159063628,0.7736124955055477,0.6597018415710317
2024-06-14,-1.4539924336691077,1.4539924336691077,1.062333264796575,1.1281867261250385,1.12855196549335,1.2728052890047323
2024-06-17,0.3670144586792632,0.3670144586792632,1.1159974715585264,1.2341018136857902,1.2454503565250237,1.5230072865425566
2024-06-18,0.3522624952010773,0.3522624952010773,1.0638198941252193,1.1767170346001734,1.1317127671365925,1.3846629795182255
2024-06-19,-0.3539272076323118,0.3539272076323118,1.0167472963760826,1.123333548975248,1.0337750646880735,1.2618782622533262
2024-06-20,1.0256632533436991,1.0256632533436991,0.9744214632089493,1.0843568772548389,0.9494971879622698,1.1758298372498655
2024-06-21,-0.4978916597184417,0.4978916597184417,0.9872844515049602,1.0436411778691852,0.9747305881834503,1.0891869081441803
2024-06-24,0.8882741103415963,0.8882741103415963,0.9549415183252316,1.0223709356982236,0.9119133034212986,1.045242330160461
2024-06-25,-0.8106782473733726,0.8106782473733726,0.9559101822358704,0.9858417221803939,0.913764276502215,0.9718839011916048
2024-06-26,-0.1231882624435676,0.1231882624435676,0.9498935798359868,1.0037114893757422,0.9022978130136261,1.0074367539048705
2024-06-27,0.3041902182248652,0.3041902182248652,0.9077972197035631,0.9667390807922404,0.8240957921015193,0.9345844503310259
2024-06-28,0.1366319561731131,0.1366319561731131,0.8746586592701809,0.9315626134318494,0.7650277702363104,0.8678089027439773
2024-07-01,0.3023096655678078,0.3023096655678078,0.8396429446420826,0.8983589992163955,0.7050002744872272,0.8070488914730837
2024-07-02,-0.6945609011884646,0.6945609011884646,0.8134222042809615,0.8676240196169804,0.6616556824172981,0.7527714394163264
2024-07-03,1.1520481699241631,1.1520481699241631,0.8154801219744385,0.8852283282820701,0.6650078293354452,0.7836291931930685
2024-07-04,0.4124983539930859,0.4124983539930859,0.8704494300717592,0.8627358033401297,0.7576822103122505,0.7443130663649389
2024-07-05,0.1352369677175872,0.1352369677175872,0.845565526605204,0.835776783403875,0.714981059783136,0.6985228316769277
2024-07-08,-0.0183960349662873,0.0183960349662873,0.8136296739886212,0.8101526693760961,0.66199324639483,0.656347347697214
2024-07-09,-1.2850769881641582,1.2850769881641582,0.7834574215832758,0.7863906412904814,0.6138055314339148,0.6184102407092547
2024-07-10,0.933496589228261,0.933496589228261,0.8645464484622591,0.9273775932361698,0.7474405615487058,0.8600292004365107
2024-07-11,0.6894109801932471,0.6894109801932471,0.8834434284799912,0.8986022797956658,0.7804722913244814,0.8074860572539679
2024-07-12,1.1459537415983594,1.1459537415983594,0.8758552529822213,0.870024256093499,0.7671224241765509,0.7569422061910462
2024-07-15,-0.8424954962485622,0.8424954962485622,0.9190903943278198,0.8479698452142127,0.8447271529456674,0.7190528583926158
2024-07-16,-0.392689530755699,0.392689530755699,0.9211970494639067,0.8902665055669451,0.8486040039410073,0.7925744509343794
2024-07-17,-0.4368985143234455,0.4368985143234455,0.8896887424540901,0.8747903091760436,0.7915460584495404,0.765258085028318
2024-07-18,-0.4486900319050667,0.4486900319050667,0.863866412946439,0.8644764208897946,0.7462651794169475,0.7473194822744292
2024-07-19,-1.001085002510522,1.001085002510522,0.8417626161436546,0.8562283604851906,0.7085643019370096,0.7331270052991574
2024-07-22,1.2856768308834885,1.2856768308834885,0.8721316544828371,0.92237135973057,0.7606136227509708,0.8507689252512207
2024-07-23,0.8149908245219187,0.8149908245219187,0.935454115353501,0.8973991385670428,0.8750744019318011,0.8053252139008704
2024-07-24,-0.9215793646682898,0.9215793646682898,0.9320141980128785,0.8695558565021604,0.8686504652975892,0.7561273875772058
2024-07-25,-0.4837811049421177,0.4837811049421177,0.9395971094991333,0.9190298048292956,0.8828427281791263,0.8446157821645732
2024-07-26,0.6472906328498461,0.6472906328498461,0.9111335887051183,0.9097430187649321,0.8301644164666676,0.8276323601915316
2024-07-29,-0.5274130433874562,0.5274130433874562,0.8964753728678152,0.8797758462903371,0.8036680941584884,0.7740055397158789
2024-07-30,0.4928145452450372,0.4928145452450372,0.8751006691649698,0.8766740710642207,0.7658011811729779,0.7685574268763143
2024-07-31,0.52801396634034,0.52801396634034,0.8539880725625698,0.8493895973056301,0.729295628079133,0.7214626880110205
2024-08-01,-2.326313285080173,2.326313285080173,0.837691009483991,0.8249201412049031,0.701726227370308,0.6804932393655172
2024-08-02,-2.360376335616341,2.360376335616341,1.1053476683199652,1.215801677526096,1.2217934678603837,1.478173719075269
2024-08-05,-1.841301571168847,1.841301571168847,1.305969116125339,1.5063671822863176,1.7055553322731993,2.2691420878692203
2024-08-06,0.0883185198640146,0.0883185198640146,1.3798667755903735,1.6212912107299418,1.9040323183781744,2.62858518999016
2024-08-07,1.4917864641052032,1.4917864641052032,1.2937946796080793,1.527250716001993,1.6739046729821727,2.3324947495286
2024-08-08,0.3697354079403876,0.3697354079403876,1.3137745232068263,1.4549113254161696,1.7260034978273238,2.1167669648242353
2024-08-09,0.2399805195305926,0.2399805195305926,1.2417955299605479,1.3829863670604108,1.5420561382299982,1.9126512914749534
2024-08-12,0.0202533677150119,0.0202533677150119,1.1739461842771335,1.3194911736250716,1.3781496435788414,1.7410569572744692
2024-08-13,0.4816196058523744,0.4816196058523744,1.1100503258775118,1.2627948552451795,1.2322117259807701,1.594650846433694
2024-08-14,0.4120659561104712,0.4120659561104712,1.0636557944261944,1.2114757245243961,1.1313636490164187,1.4676734311119106
2024-08-15,1.6504405608105874,1.6504405608105874,1.0185643082284535,1.163308987879178,1.0374732499969082,1.3532878012804774
2024-08-16,0.7624072770183437,0.7624072770183437,1.1078741728942088,1.1219590036848373,1.2273851829660272,1.2587920059494726
2024-08-19,0.5404368679973559,0.5404368679973559,1.079085756288346,1.080022111888306,1.1644260694243915,1.1664477621676768
2024-08-20,-0.3489470750472152,0.3489470750472152,1.039228761557013,1.0399002845658747,1.0799964188473232,1.0813926018401874
2024-08-21,0.4968141669871004,0.4968141669871004,0.9938943383350883,1.0090294186430595,0.9878259557745431,1.0181403676871505
2024-08-22,0.2405988785574235,0.2405988785574235,0.960312688398655,0.9744303800412242,0.9222004594994524,0.9495145655472845
2024-08-23,0.752614335218902,0.752614335218902,0.9183993058963846,0.9361473457264264,0.8434572850709611,0.8763718529106335
2024-08-26,-0.0863357191590031,0.0863357191590031,0.9108481497516785,0.9027347757538003,0.8296443519060561,0.8149300753552642
2024-08-27,0.3474161557193789,0.3474161557193789,0.8717357644738362,0.8749133980100954,0.7599232430627835,0.7654734540175715
2024-08-28,0.5364002209628965,0.5364002209628965,0.8437441499072309,0.8471406247562574,0.7119041905026757,0.7176472381124221
2024-08-29,0.6912442222435738,0.6912442222435738,0.829601146723526,0.8205795023560931,0.6882380626449894,0.6733507196869735
2024-08-30,-0.0298808399162741,0.0298808399162741,0.8282531544118605,0.7969768599746354,0.6860032877931973,0.6351721153350296
2024-09-02,0.1264857362725436,0.1264857362725436,0.796517593778205,0.7714200375853467,0.6344402771982216,0.5950888743881778
2024-09-03,-0.9753271985521456,0.9753271985521456,0.7680539357549154,0.7487096626738624,0.5899068482286158,0.5605661589812088
2024-09-04,-0.8316282224677957,0.8316282224677957,0.8085513514654904,0.8317988672372831,0.6537552879566709,0.6918893555372273
2024-09-05,-0.0825950595543589,0.0825950595543589,0.8248557037086532,0.8734760193105372,0.6803869319406975,0.762960356310582
2024-09-06,-1.4892440106686575,1.4892440106686575,0.7929604445361562,0.8445621431155595,0.6287862665989784,0.7132852135839468
2024-09-09,0.7710386776698133,0.7710386776698133,0.9090408572094761,1.0166099987862574,0.8263552800761391,1.0334958896321942
2024-09-10,-0.9678263453723406,0.9678263453723406,0.9055062242480768,0.9793507306847776,0.8199415221520084,0.9591278536928077
2024-09-11,0.3516741860656538,0.3516741860656538,0.9213154834276229,1.0161565286076621,0.8488222200034746,1.0325740906319747
2024-09-12,1.0210560022440305,1.0210560022440305,0.8877777491484814,0.9779424977886588,0.788149331883144,0.956371528981121
2024-09-13,0.9727132529983926,0.9727132529983926,0.9142979353587417,0.9464224948192727,0.8359407146012579,0.8957155386999363
2024-09-16,-0.3551386484055441,0.3551386484055441,0.9298255149352544,0.9164626738503806,0.8645754882246112,0.839903832560989
2024-09-17,0.4977136624617267,0.4977136624617267,0.8949487724701575,0.8955852872683502,0.8009333053458416,0.8020730067715334
2024-09-18,-0.0779422615667917,0.0779422615667917,0.8715464303416569,0.8663306648843904,0.7595931802412846,0.7505288209190298
2024-09-19,1.5426493505265697,1.5426493505265697,0.8355181660540467,0.8385642414489616,0.6980906058063177,0.7031899870368724
2024-09-20,-1.4971286986846029,1.4971286986846029,0.9487158199610733,0.827780833123145,0.9000617070444117,0.685221107686048
2024-09-23,0.6749565155008249,0.6749565155008249,1.0296263767492932,1.002336874815956,1.0601304756978776,1.0046792106158176
2024-09-24,0.7919082379714939,0.7919082379714939,1.002802777819887,0.9654794017340617,1.0056134112032813,0.9321504751727617
2024-09-25,-0.4121360955154496,0.4121360955154496,0.9885397274167645,0.9326874358710341,0.9772107926812111,0.8699058530316843
2024-09-26,1.6765890735206166,1.6765890735206166,0.9507140891735274,0.9144429620523498,0.9038572793530497,0.8362059308470752
2024-09-27,1.2155116782273692,1.2155116782273692,1.0607823868616133,0.8969673622514913,1.1252592722758212,0.8045504489443981
2024-09-30,-0.7665330769227457,0.7665330769227457,1.0824126969628274,0.8741042279346519,1.1716172465463415,0.764058201293234
2024-10-01,-0.5801503559355401,0.5801503559355401,1.0559170688684298,0.9001971486892867,1.1149608563276963,0.8103549065083218
2024-10-02,-0.2521798350915954,0.2521798350915954,1.0200743149980591,0.8999957365900656,1.0405516081187594,0.8099923258802947
2024-10-03,-0.7822942845277677,0.7822942845277677,0.9738682892283861,0.8764742580611257,0.9484194447646234,0.7682071250438006
2024-10-04,0.5533818974793203,0.5533818974793203,0.9626361874764707,0.9047915481195334,0.9266684294392349,0.818647745548542
2024-10-07,-0.0880579009204647,0.0880579009204647,0.935527711963973,0.8743616476935224,0.8752120998525464,0.7645082909573315
2024-10-08,-0.197161939847637,0.197161939847637,0.8937904758619103,0.8459949476060473,0.79886141474146,0.7157074513749588
2024-10-09,0.983578375458644,0.983578375458644,0.8580902598481107,0.8233983402975643,0.7363188940461982,0.6779848268047836
2024-10-10,-0.2289268996117369,0.2289268996117369,0.8837439076948058,0.8044079048368322,0.7810032943876856,0.6470720773639822
2024-10-11,0.8445343736598849,0.8445343736598849,0.849580762378088,0.7871630076678888,0.7217874718029332,0.6196256006407568
2024-10-14,0.6916265025179444,0.6916265025179444,0.8609065034432194,0.7701519398635963,0.74116000767083,0.5931340104756604
2024-10-15,-0.1133473895911056,0.1133473895911056,0.8560845268597714,0.7533764254456623,0.7328807171287187,0.5675760384172835
2024-10-16,-0.2743078687566939,0.2743078687566939,0.8222071790736407,0.7349724388824691,0.6760246453202339,0.5401844859168448
2024-10-17,0.7718887090328688,0.7718887090328688,0.7957781059165285,0.7267024363435675,0.6332627938560976,0.5280964309876768
2024-10-18,0.3770498008232001,0.3770498008232001,0.8077494322942943,0.7151062460436018,0.6524591453717546,0.5113769431305724
2024-10-21,-1.0030090025481522,1.0030090025481522,0.7872596334493999,0.7009493281674183,0.6197777304588834,0.491329960658355
2024-10-22,-0.2020379580377815,0.2020379580377815,0.8282071145206488,0.7997072813471463,0.685927024542619,0.6395317358396438
2024-10-23,-0.2283070731332298,0.2283070731332298,0.7987070147386824,0.7802096631409196,0.637932895392778,0.6087271184584672
2024-10-24,0.3368360558854116,0.3368360558854116,0.7731759426774716,0.7642445433935503,0.5978010383351968,0.5840697221068162
2024-10-25,0.1058424588474972,0.1058424588474972,0.7547986833854232,0.7458747024771168,0.5697210524403683,0.5563290717953275
2024-10-28,0.3489114055908631,0.3489114055908631,0.7309741151787051,0.7307256229065605,0.5343231570612909,0.5339599359721808
2024-10-29,-0.2745413383707324,0.2745413383707324,0.7179620666981489,0.716174682346372,0.5154695292174772,0.5129061756339269
2024-10-30,-1.1396954728938589,1.1396954728938589,0.7028601203263495,0.7099294584782491,0.4940123487451704,0.50399983601522
2024-10-31,-0.9380600896745416,0.9380600896745416,0.7790603624783945,0.81361925060669,0.6069350483849675,0.6619762849577918
2024-11-01,0.9257567996649416,0.9257567996649416,0.8116815867762782,0.8648055915697416,0.6588269983116569,0.7478887112102907
2024-11-04,-0.5578828362529464,0.5578828362529464,0.837610300284786,0.8417414462335113,0.7015910151431693,0.7085286623072832
2024-11-05,0.5646280260603334,0.5646280260603334,0.824674734553721,0.8447241139267837,0.6800884178112502,0.7135588286493898
2024-11-06,-1.1330879709182635,1.1330879709182635,0.8138752993743446,0.8224917973390998,0.6623930029316789,0.6764927566901029
2024-11-07,1.6833396523556934,1.6833396523556934,0.8660108904786485,0.9033015700730818,0.7499748624276218,0.8159537264964947
2024-11-08,-0.7622985874587187,0.7622985874587187,0.9967875096327674,0.8803102027272239,0.9935853393598943,0.774946053025646
2024-11-11,1.2058839371179442,1.2058839371179442,0.9804520950892226,0.9014165337364911,0.9612863107648459,0.8125517672935105
2024-11-12,-2.1567095169652863,2.1567095169652863,1.01440992184108,0.87644789908814,1.029027489529626,0.7681609198160145
2024-11-13,-0.1605355691903754,0.1605355691903754,1.2016448678575382,1.179265495705875,1.4439503884483602,1.3906671093624232
2024-11-14,1.3619838267079996,1.3619838267079996,1.1342091566009573,1.1345801686102017,1.2864304109174551,1.2872721590035539
2024-11-15,-0.2749285462543421,0.2749285462543421,1.1635584011568865,1.0948808292728662,1.3538681529027699,1.1987640303092393
2024-11-18,-0.1126098751812839,0.1126098751812839,1.10234080547383,1.0597794046136206,1.2151552514126922,1.1231323864432001
2024-11-19,-0.6738879931804185,0.6738879931804185,1.0437858196884684,1.0231272908174993,1.089488837382728,1.0467894532155557
2024-11-20,-0.2917701737873559,0.2917701737873559,1.01522314999555,1.0202834955929931,1.0306780442868868,1.0409784113794571
2024-11-21,0.741220206767716,0.741220206767716,0.9691256186111559,0.9929138943098875,0.9392044646484555,0.9858780015136265
2024-11-22,0.9172178140492234,0.9172178140492234,0.9543666355632978,0.9601072924066614,0.9108156750764086,0.9218060129324505
2024-11-25,0.4266161445903865,0.4266161445903865,0.9582067795185774,0.9297313464405688,0.9181602323153635,0.864400376554193
2024-11-26,-0.5644222777316544,0.5644222777316544,0.9234436322230447,0.901426349186902,0.85274814189329,0.8125694630084266
2024-11-27,-0.1775544220401405,0.1775544220401405,0.9006937651963459,0.9001584873984588,0.8112492586635703,0.8102853024354814
2024-11-28,0.8477235983316259,0.8477235983316259,0.8626147857651724,0.8763220208233877,0.7441042686206941,0.767940284179986
2024-11-29,1.0279606367893936,1.0279606367893936,0.8725186105362334,0.8519206696627529,0.7612887257320793,0.7257688273986334
2024-12-02,1.5529603860705077,1.5529603860705077,0.9015148600878291,0.8292026990642868,0.812729042959178,0.6875771161354981
2024-12-03,0.4161712702421514,0.4161712702421514,1.0018074549272997,0.8087758131574752,1.0036181767479138,0.6541183159485351
2024-12-04,1.0703036919732118,1.0703036919732118,0.9623323159512782,0.7889088566889711,0.9260834863241507,0.6223771841622997
2024-12-05,0.6240829256862112,0.6240829256862112,0.9817993396510167,0.7710962014987579,0.9639299433391725,0.5945893519658131
2024-12-06,0.126688449017483,0.126688449017483,0.9561816995081845,0.754124363710702,0.9142834424743601,0.5687035559420711
2024-12-09,-0.1897761254155277,0.1897761254155277,0.9120222218000116,0.7379769081983119,0.8317845330570295,0.5446099170339397
2024-12-10,-0.082609623542266,0.082609623542266,0.8735779832233032,0.7263371176789244,0.7631384927724938,0.5275656085181276
2024-12-11,0.3437414967694116,0.3437414967694116,0.8370470212131775,0.7127227539683403,0.7006477157218537,0.5079737240242154
2024-12-12,0.1328063375794452,0.1328063375794452,0.811487214087929,0.6995391774297146,0.6585114986281883,0.4893550607590417
2024-12-13,-0.0996743565913166,0.0996743565913166,0.7817267591858014,0.6871682360411534,0.6110967260271359,0.4722001846239103
2024-12-16,-0.452407376186927,0.452407376186927,0.7543374643052922,0.6767358666334642,0.5690250100545381,0.45797143318814576
2024-12-17,-0.3325501460903198,0.3325501460903198,0.7441471487186849,0.6872527787169257,0.5537549789461486,0.47231638185413566
2024-12-18,-0.0187647697739535,0.0187647697739535,0.7281170880627598,0.6871554306130189,0.5301544939289927,0.4721825858209634
2024-12-19,-1.356372249059556,1.356372249059556,0.7055793473571919,0.6756873673993912,0.49784221541700086,0.45655341846311975
2024-12-20,-0.4270999300260459,0.4270999300260459,0.8193091001735235,0.8365703899476333,0.6712674016271488,0.6998500173371354
2024-12-23,-0.1811089428234346,0.1811089428234346,0.7999572003141615,0.8296038166724166,0.6399315223344715,0.6882424926374405
2024-12-27,0.6805964840809604,0.6805964840809604,0.7723835218880023,0.8104796338208621,0.5965763048841141,0.6568772368383986
2024-12-30,-0.3769027541394708,0.3769027541394708,0.7783182590324272,0.7904203251386716,0.6057793123432684,0.6247642903923232
2025-01-02,0.5785567675500403,0.5785567675500403,0.7609114033119838,0.7840645690217787,0.5789861636902125,0.6147572483953075
2025-01-03,-0.5939305207377921,0.5939305207377921,0.7594284549810895,0.7659619223360021,0.5767315782349647,0.5866976664686638
2025-01-06,1.5458524857375562,1.5458524857375562,0.7594002524459239,0.780761751301072,0.576688743414933,0.609588912294717
2025-01-07,0.6133687703335611,0.6133687703335611,0.8929033237672505,0.7638660794940831,0.7972763455946034,0.583491387401661
2025-01-08,-0.052277975753828,0.052277975753828,0.8768940213494703,0.7473370667220252,0.7689431246784453,0.5585126912966807
2025-01-09,-0.0631772668967498,0.0631772668967498,0.8395183998697692,0.7316847944158575,0.7047911437198976,0.5353626383793757
2025-01-10,-0.5048408427120625,0.5048408427120625,0.8059570237890877,0.7173013172965119,0.6495667241949641,0.5145211797953113
2025-01-13,-0.4061678376728855,0.4061678376728855,0.7931314502726022,0.7288881133236841,0.6290574974115214,0.5312778817445598
2025-01-14,0.6854786413935826,0.6854786413935826,0.7756085090632229,0.7302569438512537,0.6015685593312755,0.5332752040429731
2025-01-15,1.485360202466251,1.485360202466251,0.7814593387899808,0.7157234996325459,0.6106786981820739,0.512260127926259
2025-01-16,0.3915154157434498,0.3915154157434498,0.8984423809517557,0.7038245433390351,0.8071987118902597,0.49536898780640126
2025-01-17,1.193504411836379,1.193504411836379,0.867917399961358,0.691179558828481,0.7532806131556838,0.4777291825423337
2025-01-20,0.4149552040753221,0.4149552040753221,0.9193632306670414,0.6808953193522166,0.8452287499025395,0.4636184359157571
2025-01-21,0.24595116713366,0.24595116713366,0.8877597141035123,0.6701954236378873,0.78811730998515,0.4491619058651673
2025-01-22,1.0037353920434156,1.0037353920434156,0.8529161213936912,0.6601460620783426,0.7274659101332578,0.435792823277543
2025-01-23,0.7371734836838671,0.7371734836838671,0.8815504200222724,0.6521833512741481,0.7771311430414448,0.42534312367917876
2025-01-24,-0.0775565678680276,0.0775565678680276,0.877434625018185,0.6443362860143884,0.769891521180803,0.4151692494748158
2025-01-27,-0.5283875312856885,0.5283875312856885,0.8405259231895772,0.6369955747450957,0.7064838275536911,0.40576336224483484
2025-01-28,0.6948789475241127,0.6948789475241127,0.8247981267156689,0.6602765265034082,0.6802919498336766,0.43596509145140583
2025-01-29,0.9610396860473208,0.9610396860473208,0.8244290211327603,0.6515067303928799,0.6796832108859213,0.4244610197472207
2025-01-30,0.4135621402423133,0.4135621402423133,0.8523191792942821,0.6442492576635687,0.7264479833928786,0.41505710600005924
2025-01-31,0.0223269500516189,0.0223269500516189,0.8284003842385029,0.6365896073162816,0.6862471966064992,0.4052463281430975
2025-02-03,-1.4078476198150665,1.4078476198150665,0.7957417279084327,0.6291228275541577,0.6332048975346981,0.39579553214973845
2025-02-04,0.3608290755662542,0.3608290755662542,0.8940744980287731,0.8159556297586512,0.7993692080254027,0.6657835897348371
2025-02-05,0.3723719130293237,0.3723719130293237,0.8636315126250838,0.7973389805384509,0.7458593895990902,0.6357494498860962
2025-02-06,1.455543035538456,1.455543035538456,0.8359839110839368,0.7763857718266177,0.6988690995911956,0.6027748666948128
2025-02-07,-0.5283667789478338,0.5283667789478338,0.9328228005149626,0.7608421431734915,0.8701583771605778,0.5788807668288318
2025-02-10,0.5709115298107819,0.5709115298107819,0.906133437927223,0.7694664107747381,0.8210778073298085,0.5920785573105579
2025-02-11,0.5737948689934184,0.5737948689934184,0.8855252983786,0.7520703311527119,0.7841550540685085,0.5656097830001499
2025-02-12,0.4987996105058737,0.4987996105058737,0.8677146938380422,0.7360732870035022,0.7529287899024473,0.5418038838401401
2025-02-13,2.0733080831344157,2.0733080831344157,0.8470617307118945,0.7213354311878691,0.7175135756366301,0.520324804286989
2025-02-14,-0.4370030186266928,0.4370030186266928,1.0567894972391987,0.7120292337694171,1.1168040414750784,0.5069856297422631
2025-02-17,1.256518128548749,1.256518128548749,1.0120954919507754,0.7185297591157838,1.0243372848270822,0.5162850147349862
2025-02-18,0.2033634480586327,0.2033634480586327,1.0457922688688475,0.7068539069870756,1.0936814696258517,0.49964244582289336
2025-02-19,-1.8149177577375732,1.8149177577375732,0.9946164358395779,0.694438958951877,0.9892618544422253,0.48224546771016674
2025-02-20,-0.5317779624667833,0.5317779624667833,1.1159355017654393,0.966287950169207,1.245312044100483,0.9337124026422078
2025-02-21,-0.1214731131559584,0.1214731131559584,1.0708326995879487,0.9590571330339609,1.146682670506814,0.9197905844233206
2025-02-24,0.6189164907236869,0.6189164907236869,1.0159895059628525,0.9305807980163671,1.032234676226641,0.8659806216367786
2025-02-25,-0.0698549705803801,0.0698549705803801,0.9860341906213146,0.9059305403285969,0.9722634250742309,0.8207101439000635
2025-02-26,1.6982826817615648,1.6982826817615648,0.9376961641928797,0.881043886123979,0.8792740963420401,0.7762383292764429
2025-02-27,-1.0727581099725654,1.0727581099725654,1.0527300997201936,0.8598313585518969,1.1082406628568886,0.7393099651492007
2025-02-28,0.0023903980828001,0.0023903980828001,1.058826678803699,0.9388114726625562,1.1211139357464717,0.8813669812028375
2025-03-03,2.606756157845153,2.606756157845153,1.0037786435395963,0.9068167486332338,1.0075715652261918,0.8223166156017496
2025-03-04,-3.6077803295197537,3.6077803295197537,1.2857533349656138,0.9082285431703684,1.6531616383751981,0.8248790866293697
2025-03-05,3.3222814565563175,3.3222814565563175,1.7236941417701632,1.7961754297966097,2.9711214943727797,3.226246174605036
2025-03-06,1.4557137129561144,1.4557137129561144,1.9749070447419086,1.7570113238697749,3.9002578353712187,3.0870887922066186
2025-03-07,-1.7685362402572171,1.7685362402572171,1.8973387594501636,1.6546526231004943,3.5998943681118862,2.7378753031333463
2025-03-10,-1.7006378789645302,1.7006378789645302,1.862959906224762,1.733635243183679,3.4706196122009736,3.005491156408534
2025-03-11,-1.3000473007488484,1.3000473007488484,1.8250398635525729,1.78551901954668,3.330770503555994,3.188078169162937
2025-03-12,1.5449223485616206,1.5449223485616206,1.752372009145425,1.764459529742923,3.0708076584363733,3.113317432100617
2025-03-13,-0.4830290364783129,0.4830290364783129,1.7124559079445403,1.6645182153761164,2.93250523665416,2.7706208893188915
2025-03-14,1.8426128178967511,1.8426128178967511,1.6012162094357723,1.5745159660687915,2.5638933493598626,2.47910052740554
2025-03-17,0.727116095993639,0.727116095993639,1.6184823173242444,1.4977729142971956,2.619485011491256,2.2433237028023147
2025-03-18,0.971867954776804,0.971867954776804,1.527537501306224,1.410810431773372,2.3333708178968626,1.9903860744005684
2025-03-19,-0.3970055943892293,0.3970055943892293,1.4626115243780102,1.3344672420890855,2.139232471243367,1.78080282020885
2025-03-20,-1.2483530648457055,1.2483530648457055,1.3710492528720937,1.2700855518040104,1.8797760538011263,1.6131173089012976
2025-03-21,-0.468376359342871,0.468376359342871,1.3509787705703888,1.3161670806966905,1.8251436385318796,1.7322957843096485
2025-03-24,-0.1705983334626728,0.1705983334626728,1.2729514889937918,1.2582125646849007,1.6204054933315117,1.5830988579309555
2025-03-25,1.1188767921674332,1.1188767921674332,1.1927887308116694,1.1910284778755769,1.4227449563513128,1.4185488351106137
2025-03-26,-1.1785412954611896,1.1785412954611896,1.1837064266172224,1.1367030900767863,1.4011609044149136,1.2920939149901147
2025-03-27,-0.7042951652534196,0.7042951652534196,1.182705652239721,1.1922353255793963,1.3987926598397837,1.421425071559409
2025-03-28,-0.9624330075722682,0.9624330075722682,1.1362368783409529,1.1688643899389461,1.2910342437019933,1.366243962067345
2025-03-31,-1.335725099134046,1.335725099134046,1.1182909096986886,1.182545065683818,1.2505745587147206,1.398412832373145
2025-04-01,1.6844291067936223,1.6844291067936223,1.1477222698967346,1.2594076227304283,1.3172664088169128,1.5861075601915087
2025-04-02,-0.6638702418994303,0.6638702418994303,1.2228520624786097,1.2094385312383964,1.4953671667081896,1.4627415608440897
2025-04-03,-3.053858879899945,3.053858879899945,1.1695634762078806,1.180408358262046,1.3678787248794617,1.3933638922548983
2025-04-04,-5.079904634021626,5.079904634021626,1.5127108814772732,1.7312516517183782,2.288294210939749,2.9972322815776127
2025-04-07,-4.215679015036202,4.215679015036202,2.259689864622088,2.7903995711444103,5.10619828427579,7.786329766642908
2025-04-08,2.4490473209217876,2.4490473209217876,2.562275935806833,3.215444769017408,6.565257971214782,10.339085062601415
2025-04-09,-3.050857432892815,3.050857432892815,2.510247389790783,2.998401125824623,6.301341957951438,8.990409311346367
2025-04-10,4.434082340157803,4.434082340157803,2.5494666179112278,3.0994955182093253,6.499780035843715,9.606872467399693
2025-04-11,-0.9215769469908788,0.9215769469908788,2.8212160770612176,2.942443171634159,7.959260153468685,8.657971818296488
2025-04-14,2.8104705250541526,2.8104705250541526,2.61635847214682,2.7584922764167756,6.845331654774441,7.609279639051005
2025-04-15,1.4161788652361234,1.4161788652361234,2.60386682572497,2.589079939300091,6.780122446111032,6.703334932086162
2025-04-16,0.2693326719099483,0.2693326719099483,2.450559026738699,2.4117976061935136,6.005239543530521,5.816767693240762
2025-04-17,-0.4946758717852925,0.4946758717852925,2.263043715060409,2.240795813284257,5.121366856274416,5.021165876832256
2025-04-22,0.4125708579375617,0.4125708579375617,2.0980151474973843,2.096385458348393,4.40166755912847,4.394831989974602
2025-04-23,3.0909115511265095,3.0909115511265095,1.9440554274839281,1.9503839467983937,3.779351505129718,3.8039975399288797
2025-04-24,0.4658071542978405,0.4658071542978405,2.097557645261693,1.8684468260181526,4.399748075195779,3.491093541657309
2025-04-25,0.80321653239071,0.80321653239071,1.9452286123340177,1.7406043259122725,3.7839143542429277,3.029703419384517
2025-04-28,0.1312873662841507,0.1312873662841507,1.8198091034019372,1.624342468617174,3.311705172824563,2.6384884553533348
2025-04-29,0.6897959282653499,0.6897959282653499,1.6822827831489626,1.510869727747841,2.8300753624794197,2.282727334224835
2025-04-30,0.3167675808945159,0.3167675808945159,1.5748790356891662,1.4116271780083791,2.480243977053238,1.9926912896918998
2025-05-02,2.5873446492770955,2.5873446492770955,1.46148701488004,1.3170224058611406,2.1359442946629708,1.7345480175402672
2025-05-05,1.1108538327539232,1.1108538327539232,1.6379127038587513,1.3109000139691447,2.6827580254618857,1.7184588466243036
2025-05-06,-0.4072988678040122,0.4072988678040122,1.573383599939224,1.2558741941870322,2.475535952557712,1.5772199916249272
2025-05-07,-0.5766766350699066,0.5766766350699066,1.4719371726676704,1.1923719734513163,2.1665990402808952,1.4217509230721865
2025-05-08,1.0188828880307628,1.0188828880307628,1.3822313702666909,1.149529800735065,1.910563560949334,1.321418762777998
2025-05-09,0.6259340371946363,0.6259340371946363,1.33557651985293,1.0932352147887834,1.7837646403824639,1.1951632348542773
2025-05-12,0.2856371756299482,0.2856371756299482,1.2619333068864522,1.0334022554462536,1.5924756710293766,1.0679202215614039
2025-05-13,0.3051430496069767,0.3051430496069767,1.1791950687419852,0.9747638362427831,1.3905010101454152,0.9501645364467473
2025-05-14,-0.4730187232063654,0.4730187232063654,1.1066961682796244,0.9277705701745326,1.2247764088848025,0.8607582308819772
2025-05-15,0.7139835403582895,0.7139835403582895,1.047353061348835,0.904306446537348,1.0969484351167766,0.8177701492490056
2025-05-16,0.3027194616804027,0.3027194616804027,1.0156998967922717,0.8679087618446507,1.0316462803438315,0.7532656188867146
2025-05-19,0.7024863931832367,0.7024863931832367,0.9589657144292346,0.8304325653987266,0.9196152414507724,0.6896182456747103
2025-05-20,0.4216250095272731,0.4216250095272731,0.9387031444752493,0.8027611778202313,0.8811635934477208,0.644425508615325
2025-05-21,0.3583628662661676,0.3583628662661676,0.899038719409487,0.7738093435762601,0.8082706189974503,0.5987809002059226
2025-05-22,-0.5121642428683503,0.5121642428683503,0.8601946203046906,0.7473776145251648,0.739934784801131,0.5585732986933258
2025-05-23,-1.551992283026119,1.551992283026119,0.8370494121356663,0.7612695687944603,0.7006517183566645,0.5795313563725034
2025-05-26,1.670594646885294,1.670594646885294,0.9726744721204885,1.0266774824771716,0.9460956287148711,1.0540666530256628
2025-05-27,0.8241405467777966,0.8241405467777966,1.0928519822175775,1.0001872807568974,1.1943254550368883,1.0003745965878768
2025-05-28,-0.7802879366781892,0.7802879366781892,1.0655536572425004,0.9556391882909319,1.1354045964628678,0.9132462581973512
2025-05-29,-0.4375903487121357,0.4375903487121357,1.0377430939982846,0.9773603475983393,1.0769107291411324,0.9552332490575468
2025-05-30,0.2680954954619805,0.2680954954619805,0.9871195613394511,0.9495771622043448,0.9744050283789905,0.9016967869800566
2025-06-02,-0.2787947776205526,0.2787947776205526,0.9357985898638621,0.904380764108481,0.8757190007911928,0.8179045664894399
2025-06-03,0.6703129923146394,0.6703129923146394,0.8896466260038638,0.8723355974193763,0.7914711191600587,0.7609693945250201
2025-06-04,0.764397318657241,0.764397318657241,0.8783296846467633,0.8399827111575814,0.7714630349316827,0.7055709550436408
2025-06-05,0.1938253721926801,0.1938253721926801,0.8778028498614889,0.8131934379376896,0.7705378432249517,0.661283567504919
2025-06-06,-0.0786342250720146,0.0786342250720146,0.8368180050790709,0.7826475727480618,0.700264373624516,0.6125372231284328
2025-06-09,-0.5368985534032307,0.5368985534032307,0.798767528006871,0.7557917979943924,0.6380295637982075,0.5712212419155965
2025-06-10,-0.7755540207321172,0.7755540207321172,0.7889205233098839,0.77313660896816,0.6223955920995412,0.5977402161267856
2025-06-11,-0.1612975337591748,0.1612975337591748,0.805618843406559,0.8299969217185565,0.6490217208517218,0.6888948900622797
2025-06-12,-0.7437162185494022,0.7437162185494022,0.7731367243871605,0.799963767373904,0.5977403945961083,0.6399420291110496
2025-06-13,-1.0794406908492782,1.0794406908492782,0.7892499655038693,0.8449490421362758,0.6229155080478588,0.7139388838070099
2025-06-16,0.7747039387988303,0.7747039387988303,0.8499273652700272,0.954105220587478,0.7223765262348503,0.9103167719522801
2025-06-17,-1.1222167382693211,1.1222167382693211,0.8565792152570127,0.91366419861076,0.7337279520103197,0.8347822678230423
2025-06-18,-0.4998243286120008,0.4998243286120008,0.9098078297840871,1.0161189701697781,0.8277502871364304,1.0324977615388906
2025-06-19,-1.1231540714336596,1.1231540714336596,0.8797757695811547,0.9876923875765625,0.7740054047421129,0.9755362524766905
2025-06-20,1.2634642893824024,1.2634642893824024,0.9276771060903379,1.072114106265395,0.8605848131641441,1.1494286568532466
2025-06-23,-0.3498149610174439,0.3498149610174439,0.9880374545178786,1.0277010729761749,0.976218011530169,1.0561694953963812
2025-06-24,1.5884607191807292,1.5884607191807292,0.9383377695381586,0.9847721771899745,0.8804777697418465,0.9697762409674824
2025-06-25,-0.6077671360566833,0.6077671360566833,1.0547697554911495,0.9607179470592034,1.1125392370988592,0.9229789738016504
2025-06-26,0.6404191106162287,0.6404191106162287,1.0127756546894315,0.9548676061963854,1.0257145267316068,0.9117721453632155
2025-06-27,1.610351996933783,1.610351996933783,0.9795244296854521,0.9112812397866772,0.9594681083506101,0.8304334979871434
2025-06-30,-0.5156625165165041,0.5156625165165041,1.0895091037062055,0.8970006085581629,1.1870300870586992,0.8046100917537146
2025-07-01,-0.9933075256939016,0.9933075256939016,1.0364983124466631,0.8881117147162094,1.0743287517047804,0.7887424178161657
2025-07-02,0.4922553050991216,0.4922553050991216,1.0365946590273039,0.9674456961534007,1.0745284871239322,0.9359511750057382
2025-07-03,0.6035587821723482,0.6035587821723482,0.9888187001717728,0.9198635818836787,0.9777624218093942,0.8461490092758712
2025-07-04,-0.6147411813176498,0.6147411813176498,0.9558731855087582,0.879121713829682,0.913693546774661,0.7728549877268371
2025-07-07,1.1960611051048056,1.1960611051048056,0.928949164154393,0.8881216404981039,0.8629465495831454,0.7887600483210433
2025-07-08,0.5519427165647628,0.5519427165647628,0.9781773342602852,0.8635400508399557,0.9568308972605578,0.7457014194046733
2025-07-09,1.405581769985275,1.405581769985275,0.942566340498081,0.8291939680871141,0.8884313062399443,0.687562636712054
2025-07-10,-0.3785226641882228,0.3785226641882228,1.0242278920916605,0.8198538635389808,1.0490427749385263,0.6721603575597939
2025-07-11,-0.8273142075439126,0.8273142075439126,0.9713424955378693,0.8069440772169043,0.9435062436377356,0.6511587437554411
2025-07-14,-0.3910696381534617,0.3910696381534617,0.9625193044619492,0.8678126238774174,0.9264434114619144,0.7530987501610079
2025-07-15,-0.4162163940895754,0.4162163940895754,0.918631891160967,0.8494333315808689,0.8438845514579748,0.7215369848005743
2025-07-16,-0.2118101590479912,0.2118101590479912,0.8820208181057321,0.8363777636881861,0.7779607235719048,0.6995277635920512
2025-07-17,1.4946392641384505,1.4946392641384505,0.8406701651288527,0.8082564595248637,0.7067263265377725,0.6532785043636676
2025-07-18,-0.334645550979709,0.334645550979709,0.9636325087654483,0.803932324554796,0.9285876119495917,0.6463071824640778
2025-07-21,0.0752758384481683,0.0752758384481683,0.9168866894865656,0.7891717967100812,0.8406812013576338,0.6227921247226178
2025-07-22,-1.099916090184699,1.099916090184699,0.8685462178234832,0.7611424188124309,0.7543725324954774,0.5793377817156381
2025-07-23,0.8239844169913363,0.8239844169913363,0.9143701690214899,0.8969760537680604,0.8360728059963881,0.8045660410333224
2025-07-24,0.2270831841100534,0.2270831841100534,0.9144145402320373,0.8625651842100105,0.8361539513877682,0.7440186970112493
2025-07-25,-0.3233321425960863,0.3233321425960863,0.8696937989591362,0.8261348600530788,0.7563673039479745,0.68249880699492
2025-07-28,-1.0257471285291986,1.0257471285291986,0.8346684097360837,0.8074701291794235,0.696671354211363,0.6520080095170349
2025-07-29,1.0252067765996018,1.0252067765996018,0.8760829916845109,0.9103706751357299,0.7675214083188828,0.8287747661470846
2025-07-30,0.1850328166601031,0.1850328166601031,0.909515426019146,0.8787092334324219,0.8272183101667887,0.7721299169193945
2025-07-31,-0.8142374745783153,0.8142374745783153,0.8638610173093727,0.8401799508030819,0.7462558572267843,0.7059023497314693
2025-08-01,-2.693279618665826,2.693279618665826,0.8713188163313266,0.889082413210723,0.7591964796930241,0.7904675374806027
2025-08-04,1.4060978493706018,1.4060978493706018,1.268838349336079,1.5107453219662226,1.6099507567459057,2.2823514278428254
2025-08-05,0.3713192460353557,0.3713192460353557,1.2828454594153746,1.4189486876650996,1.6456924727426434,2.0134153782265085
2025-08-06,0.3277723608663236,0.3277723608663236,1.1991060668877953,1.3234300827500054,1.437855359647118,1.7514671839276863
2025-08-07,1.1145507176971277,1.1145507176971277,1.1238916251804125,1.2386330399609922,1.263132385150669,1.5342118076830087
2025-08-08,-0.1225950095107637,0.1225950095107637,1.1236200984946698,1.171003791989853,1.2625221257411714,1.3712498808546152
2025-08-11,-0.3379457433411005,0.3379457433411005,1.0517802704391466,1.1023290354478734,1.1062417372850444,1.2151293023914391
2025-08-12,-0.2351491824661777,0.2351491824661777,0.9941340440157612,1.050728610471552,0.9883024974711314,1.1040306128634785
2025-08-13,0.6671226383482204,0.6671226383482204,0.9393484491526825,0.998709767788152,0.8823755089255496,0.9974212002754645
2025-08-14,0.7903580923874695,0.7903580923874695,0.918538166367877,0.9501786059210068,0.8437123630744617,0.9028393831499879
2025-08-15,-0.0746836858561638,0.0746836858561638,0.9140047086753044,0.9081916127859566,0.8354046074806281,0.824812005534757
2025-08-18,-0.1829773517545559,0.1829773517545559,0.8652352412209293,0.8660445005626739,0.7486320226506397,0.7500330769548513
2025-08-19,0.4444224850851861,0.4444224850851861,0.8247501338533443,0.8324498275553098,0.6802127832911092,0.692972715396865
2025-08-20,-0.5999996904570855,0.5999996904570855,0.8029422467931953,0.8003188658006872,0.6447162516853046,0.6405102869564984
2025-08-21,0.0674038978151058,0.0674038978151058,0.7977027620923084,0.8197455326204048,0.636329696649698,0.6719827382511112
2025-08-22,0.2867043399047512,0.2867043399047512,0.7636118513915711,0.7872351223039776,0.5831030595856629,0.6197391377889586
2025-08-25,-0.3699745832630883,0.3699745832630883,0.7411202889253371,0.7593278055165426,0.5492592826567751,0.5765787162305683
2025-08-26,-0.4966351805227189,0.4966351805227189,0.7269055304737941,0.7542390468821738,0.5283916502333881,0.5688765398417299
2025-08-27,-0.4425743273387093,0.4425743273387093,0.7247995201534367,0.7662182519818398,0.5253343444146522,0.5870904096701062
2025-08-28,-0.0261656138618821,0.0261656138618821,0.718518396760763,0.7687741552946115,0.5162686864836572,0.5910137018489434
2025-08-29,-0.5744816120578837,0.5744816120578837,0.6949727802778397,0.7427842066509666,0.48298716532711045,0.5517283776501057
2025-09-01,0.5637079353084632,0.5637079353084632,0.7064501185733055,0.7687077936012037,0.4990717700322374,0.5909116719432308
2025-09-02,-2.314691170999559,2.314691170999559,0.7146298073329459,0.7465204333737343,0.5106957615287234,0.5572927574445081
2025-09-03,0.4565251734266602,0.4565251734266602,1.0876425926956317,1.3059831302590186,1.1829664094456755,1.7055919365211447
2025-09-04,0.7411785726828213,0.7411785726828213,1.0286261542106028,1.2201148978948164,1.058071765126095,1.4886803640648782
2025-09-05,-0.731941000191114,0.731941000191114,1.0014869888693387,1.146602024062018,1.0029761888745752,1.3146962015831165
2025-09-08,0.8866394135323415,0.8866394135323415,0.9770322947436417,1.1298428678814345,0.9545921049720264,1.276544906102545
2025-09-09,-0.373195838558622,0.373195838558622,0.9738529914469397,1.0676676866490045,0.9483896489501533,1.1399142891144367
2025-09-10,-0.361130170351862,0.361130170351862,0.9271573577536317,1.0228404383776362,0.8596207660366958,1.0462025623805549
2025-09-11,0.2987169548793461,0.2987169548793461,0.8851381016861989,0.9802311088394158,0.7834694590566478,0.9608530267365505
2025-09-12,-0.0232058695409657,0.0232058695409657,0.8459218045003736,0.9285656511600953,0.7155836993291682,0.8622341685143717
2025-09-15,0.2137500505618626,0.2137500505618626,0.8050491210420571,0.8823782140439688,0.6481040872905885,0.778591312619424
2025-09-16,-1.7826983544726012,1.7826983544726012,0.7735527754460998,0.8418375254870042,0.598383896400364,0.7086904193180825
2025-09-17,0.1282521759312154,0.1282521759312154,0.9835758291712129,1.1653441279567265,0.967421411729839,1.3580269365632232
2025-09-18,1.3409715784568172,1.3409715784568172,0.9260666954164556,1.0918280451028628,0.8575995243595543,1.192088480073139
2025-09-19,-0.1484515873356314,0.1484515873356314,0.9997455307221739,1.0428772914970557,0.9994911261989611,1.087593045120235
2025-09-22,-0.476438491704228,0.476438491704228,0.9406480677380381,0.9860190861354504,0.8848187873393047,0.9722336382233888
2025-09-23,0.3575828661992708,0.3575828661992708,0.9042803264557149,0.9601295869239924,0.8177229088148542,0.9218488236868363
2025-09-24,0.2346982917839857,0.2346982917839857,0.8656406288451335,0.9114550221230908,0.7493336983073982,0.8307502573534039
2025-09-25,-0.5592212938052807,0.5592212938052807,0.8268255649043713,0.8677451230591258,0.6836405147794327,0.7529815985928974
2025-09-26,0.8657638499056634,0.8657638499056634,0.8142616016519625,0.8701081949756352,0.6630219559248192,0.757088270963758
2025-09-29,0.0235438515603742,0.0235438515603742,0.8384129300055756,0.8394176882126874,0.7029362412005342,0.7046220552843324
2025-09-30,0.5696936390096524,0.5696936390096524,0.7989064115694406,0.804040228854423,0.6382514544467605,0.6464806896162728
2025-10-01,0.9705322184976148,0.9705322184976148,0.7918535295237659,0.7770539074661961,0.6270320122192455,0.6038127751084835
2025-10-02,1.2730527233266695,1.2730527233266695,0.8355710750167832,0.7618639689010508,0.6981790214047028,0.5804367071096613
2025-10-03,-0.1793383469744079,0.1793383469744079,0.9192183446226184,0.7578584772325533,0.844962365090747,0.5743494715132444
2025-10-06,-0.0020990537034085,0.0020990537034085,0.8713018670363257,0.7378727848236005,0.7591669435009871,0.5444562465833355
2025-10-07,0.0307203015905421,0.0307203015905421,0.8272835064491764,0.7160549303763188,0.6843980000428445,0.5127346633162349
2025-10-08,0.8629657709361379,0.8629657709361379,0.7893007098891776,0.6972635934792767,0.6229956106315596,0.48617651879163404
2025-10-09,0.057385107032103,0.057385107032103,0.8179756166819941,0.6917500761477029,0.6690841094862886,0.4785181678503528
2025-10-10,-1.513922639009187,1.513922639009187,0.7815191819831757,0.6763889793637649,0.610772231807652,0.45750205140475547
2025-10-13,0.6023895879857175,0.6023895879857175,0.9274077993400036,0.974302541735278,0.8600852262766685,0.949265442831823
2025-10-14,-0.6210431918657053,0.6210431918657053,0.9024794038477282,0.9260832947819815,0.8144690743693508,0.8576302688742503
2025-10-15,-0.2295426606748147,0.2295426606748147,0.8832105499520823,0.927621563026417,0.7800608755466596,0.8604817641915729
2025-10-16,0.3748761556244508,0.3748761556244508,0.8416327969220492,0.8878509959931047,0.7083457648548314,0.7882793910859479
2025-10-17,-1.8344383639989097,1.8344383639989097,0.8129421287461798,0.8483536579348908,0.6608749046903702,0.7197039289315097
2025-10-20,1.7792626004300716,1.7792626004300716,1.0198787801059013,1.1829988152134843,1.0401527261103014,1.3994861967965075
2025-10-21,0.2931890582000801,0.2931890582000801,1.1529242105659485,1.1377419540939724,1.3292342353091158,1.2944567541055707
2025-10-22,-0.7380155463410325,0.7380155463410325,1.078011932320877,1.0674560793357575,1.1621097262261912,1.1394624813108671
2025-10-23,0.2343237985515984,0.2343237985515984,1.0419262299575944,1.0629819484249596,1.0856102686736457,1.1299306226773234
2025-10-24,0.1325205558038868,0.1325205558038868,0.9798376734114878,1.0015070091196756,0.9600818662364373,1.003016289315838
2025-10-27,0.2837924014007188,0.2837924014007188,0.9227546776547179,0.9467548905580966,0.8514761951336622,0.8963448227956734
2025-10-28,-0.1240998080461127,0.1240998080461127,0.8777720220612529,0.8991825554142355,0.7704837227135007,0.8085292679612748
2025-10-29,-0.6380635518243274,0.6380635518243274,0.8341009663594237,0.8585683283258592,0.6957244220817245,0.7371395744042603
2025-10-30,-0.0220562623432309,0.0220562623432309,0.8277419669784105,0.8740870434253748,0.685156763897288,0.764028159484113
2025-10-31,-0.668052506000773,0.668052506000773,0.7896514883616768,0.8347518856141679,0.6235494730718113,0.6968107105364089
2025-11-03,0.7240905044998491,0.7240905044998491,0.7944606138509328,0.8596955126201414,0.6311676669604009,0.7390763744192078
2025-11-04,-0.7624620479950994,0.7624620479950994,0.8048291323175087,0.8281022756948782,0.647749932226954,0.685753379011036
2025-11-05,0.4193059110072529,0.4193059110072529,0.8175386139897525,0.8714220889383447,0.6683693853642855,0.7593764570896684
2025-11-06,-1.3214753262529837,1.3214753262529837,0.7955340170951901,0.8341159197809525,0.6328743723556102,0.6957493676320243
2025-11-07,-0.6936382516165417,0.6936382516165417,0.8995640221723699,1.012209714283179,0.8092154299869319,1.0245685056892349
2025-11-10,1.6412306017568754,1.6412306017568754,0.8872671264982186,1.0092520615475649,0.7872429537644058,1.0185897237380097
2025-11-11,0.533093907948526,0.533093907948526,1.029541912224268,0.9803299311789957,1.0599565490264025,0.9610467739654145
2025-11-12,1.21067411168836,1.21067411168836,0.9831921906949767,0.9305900178462417,0.9666668838435873,0.8659977813150685
2025-11-13,-1.4036586524749568,1.4036586524749568,1.0227010688652696,0.8999165555725549,1.045917476258165,0.8098498069935713
2025-11-14,-0.6889620892599025,0.6889620892599025,1.0855830886955395,1.081311521546058,1.1784906424617476,1.169234606628251
2025-11-17,-1.205192190081831,1.205192190081831,1.0424673622752758,1.0665828152622483,1.0867382014091713,1.1375989018127433
2025-11-18,-1.7532244688982477,1.7532244688982477,1.0704469563641947,1.1522413438636308,1.1458566863893682,1.3276601145086657
2025-11-19,-0.0759951024118566,0.0759951024118566,1.1873405313598313,1.3582676805497793,1.4097775374098465,1.8448910920260775
2025-11-20,0.4992485405477528,0.4992485405477528,1.101184120644953,1.2629190574292553,1.2126064675605988,1.5949645456179986
2025-11-21,-0.806463592533267,0.806463592533267,1.042008462956108,1.1802386903748465,1.0857816368721505,1.3929633662577328
2025-11-24,0.6359063608913116,0.6359063608913116,1.0177800553663545,1.167580759282717,1.0358762411015399,1.363244829447206
2025-11-25,0.9654583659999064,0.9654583659999064,0.9811432747359603,1.0974899829645708,0.9626421255596042,1.204484262707574
2025-11-26,1.1086577777904192,1.1086577777904192,0.986009622433183,1.0407376307006584,0.9722149755308281,1.0831348159564198
2025-11-27,0.1757699308821973,0.1757699308821973,1.0094346339076696,0.993953308767105,1.0189582801323112,0.987943180009076
2025-11-28,0.2891651482665416,0.2891651482665416,0.9484836088959419,0.9402098236837888,0.89962115634427,0.8839945125515012
2025-12-01,-1.0431015068007223,1.0431015068007223,0.8996041365553766,0.8935285960080466,0.8092876025075447,0.798393351884111
2025-12-02,0.5134013593271904,0.5134013593271904,0.931162030405785,0.9804212581741152,0.8670627268694241,0.9612258434797151
2025-12-03,-0.0723493036007851,0.0723493036007851,0.8979117602916437,0.9308326886087689,0.8062455292700381,0.8664494941826293
2025-12-04,0.7916612205380837,0.7916612205380837,0.8497568242492982,0.8847284165852332,0.7220866603582526,0.7827443711134138
2025-12-05,0.6099405672806939,0.6099405672806939,0.8576836393706202,0.851914669421596,0.7356212252440321,0.7257586039757072
2025-12-08,0.0743399157457514,0.0743399157457514,0.8439931273445554,0.8192313984905806,0.712324399004843,0.6711400842728324
2025-12-09,0.4838999973275981,0.4838999973275981,0.803625037952995,0.7868466221750995,0.6458132016249526,0.6191276068283638
2025-12-10,-0.1346361220883762,0.1346361220883762,0.7880483467391804,0.7614134701960007,0.6210201967983555,0.579750472595916
2025-12-11,0.6792781889744524,0.6792781889744524,0.7563228187422315,0.7387999302181384,0.5720242061501943,0.5458253368903262
2025-12-12,-0.4460266814879258,0.4460266814879258,0.7687531249179395,0.7233621236866696,0.590981367071097,0.5232527619844887
2025-12-15,0.1793604364013196,0.1793604364013196,0.755807258932316,0.7332267890553087,0.5712446126547811,0.5376215241883582
2025-12-16,-0.6336233956172952,0.6336233956172952,0.7298898644815734,0.7116059020540711,0.5327392142729297,0.5063829598381884
2025-12-17,-0.4841202113467079,0.4841202113467079,0.7430645660654549,0.7552964955243199,0.5521449493420428,0.570472796151319
2025-12-18,0.9921580995265988,0.9921580995265988,0.7378178079341436,0.7652118709698609,0.5443751177047449,0.5855492074731949
2025-12-19,0.3666914406423401,0.3666914406423401,0.7994044165888453,0.7533602995125372,0.6390474212617521,0.5675517408816197
2025-12-22,-0.0182395358206077,0.0182395358206077,0.7756663200696687,0.730535290547391,0.6016582400904218,0.533681810735161
2025-12-23,0.2307084262118745,0.2307084262118745,0.74449634624215,0.7092361238047857,0.5542748095679113,0.5030158793096374
2025-12-29,0.04542339705513,0.04542339705513,0.722080408296422,0.6913538522568868,0.5214001160455274,0.47797014903043733
2025-12-30,0.5703809658082111,0.5703809658082111,0.6980104046589943,0.6749896530932288,0.4872185250122131,0.45561103178291734
2026-01-02,0.1995918957098488,0.1995918957098488,0.7094916523143779,0.6668329019417968,0.5033784047037861,0.44466611911211795
2026-01-05,1.333202284494967,1.333202284494967,0.6910894967826606,0.6548120929849143,0.47760469256331106,0.428778877119284
2026-01-06,0.0944909466117334,0.0944909466117334,0.8341257139017506,0.6766601516783984,0.6957657065921051,0.45786896086943313
2026-01-07,0.9199826377290764,0.9199826377290764,0.7937935562906241,0.6628484498561819,0.6301082100085162,0.43936806747674323
2026-01-08,0.0207012967268107,0.0207012967268107,0.8321335641176364,0.6670591600822764,0.6924462685311206,0.4449679230496721
2026-01-09,0.532575499429152,0.532575499429152,0.790636077690249,0.65349830110836,0.6251054073454215,0.42706002955151284
2026-01-12,0.5672317659987626,0.5672317659987626,0.7810024667451969,0.6483175085378133,0.6099648530620824,0.4203155918766777
2026-01-13,0.0602853380710388,0.0602853380710388,0.7765829535605631,0.6442642044963295,0.6030810837608477,0.41507636519528823
2026-01-14,-0.5301851847140702,0.5301851847140702,0.7438058368288022,0.6348745370107255,0.5532471229005946,0.403065677744583
2026-01-15,0.261264679279434,0.261264679279434,0.7424275597716256,0.6773223965948353,0.5511986815084506,0.45876562892897127
2026-01-16,-0.2182045789627015,0.2182045789627015,0.7211486942713363,0.6638550574498102,0.5200554392492533,0.4407035373016909
2026-01-19,-1.3454080088348688,1.3454080088348688,0.7013555256297231,0.6596743423692768,0.49189957333134526,0.4351702379803379
2026-01-20,-1.030738778841122,1.030738778841122,0.843980187307608,0.9159655156046547,0.7123025565677851,0.8389928257769009
2026-01-21,-0.5770492809973697,0.5770492809973697,0.8873197851864334,0.9993428626193144,0.7873364011832984,0.9986861570681659
2026-01-22,1.195908526658312,1.195908526658312,0.8646160329017214,0.9806018647157627,0.7475608843507107,0.9615800170840311
2026-01-23,0.1778245655166352,0.1778245655166352,0.9307572175089982,0.9418740222714377,0.8663089979450926,0.8871266738297766
2026-01-26,0.1299084196387352,0.1299084196387352,0.8775438735805775,0.8910129438468571,0.7700832500588045,0.7939040661026425
2026-01-27,-0.1550975569702261,0.1550975569702261,0.8310337442047805,0.8468658005056099,0.6906170840070166,0.7171816840660075
2026-01-28,-0.2882318357990902,0.2882318357990902,0.7920895612250731,0.8121400361080497,0.6274058730017289,0.6595714382495843
2026-01-29,-2.089653147307712,2.089653147307712,0.7642899194273323,0.7905979699245846,0.5841390809382381,0.6250451500488745
2026-01-30,0.9390354570050492,0.9390354570050492,1.06335720466796,1.2503924224190885,1.1307285447192577,1.5634812100430762
2026-02-02,1.0487661131938508,1.0487661131938508,1.0502815832043222,1.1710514875290396,1.1030914040181776,1.3713615864439763
2026-02-03,-0.0674910857575207,0.0674910857575207,1.0526724151535523,1.1033682945977972,1.1081192136252127,1.2174215935236512
2026-02-04,-0.719874397592381,0.719874397592381,0.9808270567596754,1.0341297173548776,0.9620217152718474,1.069424272316479
2026-02-05,-0.4561799104390222,0.4561799104390222,0.9561073524213323,1.029986762671541,0.9141412693541296,1.0608727312786017
2026-02-06,0.9363554927005032,0.9363554927005032,0.9137252290191608,0.9940560931450124,0.8348937941461178,0.9881475163187255
2026-02-09,1.1798683433608268,1.1798683433608268,0.9266589803799223,0.94907923499703,0.8586968659187573,0.9007513943025476
2026-02-10,-0.1080722590901723,0.1080722590901723,0.971863491599452,0.9144956266153902,0.9445186463038779,0.8363022510986752
2026-02-11,-0.5284468551142988,0.5284468551142988,0.9140206804483213,0.8734049132517067,0.8354338042872124,0.7628361424922212
2026-02-12,-0.0139248371777333,0.0139248371777333,0.8841342983475905,0.8694757761120985,0.7816934575145862,0.755988125245736
2026-02-13,0.2499275662125909,0.2499275662125909,0.8381781146589439,0.8332349201592141,0.7025425518932217,0.6942804321727318
2026-02-16,-0.4584897492227233,0.4584897492227233,0.8035276946708332,0.8018695806488401,0.6456567561030236,0.6429948243699466
2026-02-17,0.2999419255882924,0.2999419255882924,0.7859707280686418,0.800333732842778,0.6177499853807509,0.640534083926055
