,ret,VaR_GJR_1%,VaR_GJR_5%,VaR_GARCH_1%,VaR_GARCH_5%
2023-09-15,0.5567428783243866,-1.7890736044421336,-1.264971692319704,-1.863751863196633,-1.317773255721912
2023-09-18,-1.0525507256928552,-1.756749175085404,-1.2421165744502518,-1.8630996412963943,-1.3173120996024184
2023-09-19,-0.3990859364067893,-2.100294522537545,-1.4850216949976003,-2.0127309920534633,-1.4231095483609748
2023-09-20,0.744830214040099,-2.0613084093153304,-1.4574564067404687,-1.957583536161876,-1.3841173177265849
2023-09-21,-1.3378599108415867,-1.9889150907119035,-1.4062704194680384,-1.9845866363184466,-1.4032099683688632
2023-09-22,-0.0936120220512701,-2.450121723773759,-1.7323684255449023,-2.219366513279644,-1.5692120252684871
2023-09-25,-0.9805386957205736,-2.309769089281259,-1.633131530464296,-2.1054617094592323,-1.4886751753064202
2023-09-26,-0.9759599905361404,-2.456803116011618,-1.7370925308165868,-2.173593836821106,-1.5368482701619364
2023-09-27,-0.25215461812357,-2.566406176264909,-1.8145878156767399,-2.225550726229005,-1.573584597923293
2023-09-28,0.6944789225067006,-2.4262380213887846,-1.7154813576513477,-2.121020225388539,-1.4996758866109812
2023-09-29,0.4108108261458599,-2.29833144075547,-1.6250444950422196,-2.104707218412236,-1.4881417093751197
2023-10-02,-0.9099173076763926,-2.180611406943792,-1.5418100713600675,-2.036675626102983,-1.440039698233172
2023-10-03,-1.068174189590285,-2.3193251019433405,-1.6398881476761131,-2.096351881219222,-1.4822340345859404
2023-10-04,0.0974649581371627,-2.507640479230462,-1.7730372930803306,-2.1960423631866526,-1.5527205910749506
2023-10-05,-0.1968847691965825,-2.3598454228851393,-1.668538203675943,-2.086764884434457,-1.4754555099254811
2023-10-06,1.0531441313921008,-2.243698904417007,-1.586416340350209,-1.9982497060543707,-1.4128704968139876
2023-10-09,-0.6697408387907724,-2.1562962213205585,-1.5246179215063558,-2.1141125214290484,-1.494791766725704
2023-10-10,1.9338960806318537,-2.1937936743475848,-1.5511306465812231,-2.092569167827762,-1.4795594518586146
2023-10-11,0.2363088169419606,-2.1672715869841532,-1.5323780979702157,-2.5891195470529573,-1.8306473959045757
2023-10-12,-0.2265142418434755,-2.0689002954296147,-1.4628242803718499,-2.433315538097816,-1.7204855443246154
2023-10-13,-1.5574111193234097,-2.000597638151657,-1.4145306116528522,-2.298836890204708,-1.6254018751095332
2023-10-16,0.337424595961899,-2.6148173242417903,-1.8488171126891177,-2.5460369628702684,-1.8001856813681996
2023-10-17,0.0898677581145981,-2.4540793721497436,-1.735166696757079,-2.405629260676197,-1.7009098504475717
2023-10-18,-1.0332733505565326,-2.3149439918664156,-1.6367904661640245,-2.2684326058747275,-1.6039044035090522
2023-10-19,-0.3296582660916618,-2.486813581631245,-1.7583115513129508,-2.3204838296764736,-1.640707430783236
2023-10-20,-1.6537250021769485,-2.3718746159729385,-1.6770434930613167,-2.211315367135793,-1.5635194299848643
2023-10-23,0.0152031190441692,-2.927858037213545,-2.070153808658272,-2.5259870416139263,-1.7860093038510652
2023-10-24,0.5338216254913195,-2.7235757180951543,-1.9257151727717612,-2.3716686447013022,-1.6768978602447553
2023-10-25,0.0822195964130725,-2.5524296549347665,-1.8047056600204074,-2.283556743801821,-1.614597986098952
2023-10-26,-1.0878724208663224,-2.4005125460237067,-1.6972920567598178,-2.1632057520098384,-1.5295033329882826
2023-10-27,-0.2966822906791264,-2.5801802755644068,-1.824326848021638,-2.2553863788585278,-1.5946800161914523
2023-10-30,0.1981359113235535,-2.4467596798896754,-1.7299912788857918,-2.1520267730538243,-1.5215991909265563
2023-10-31,0.6353540949674668,-2.3089069582709603,-1.6325219572637348,-2.054590760281709,-1.4527066659554217
2023-11-01,0.759613332444547,-2.1995011963879008,-1.5551661730103001,-2.0378515266021267,-1.4408711234136162
2023-11-02,1.4656266410818382,-2.10776796306639,-1.4903058212011007,-2.054258443567051,-1.4524717000848821
2023-11-03,0.3009966137605249,-2.0656182281643862,-1.4605036815029744,-2.3260718775244076,-1.6446584825037542
2023-11-06,-0.351392858762129,-1.9846846221774317,-1.403279249664812,-2.213379554743343,-1.5649789221403045
2023-11-07,0.1100738786106285,-1.954322191890589,-1.3818113711339775,-2.122537943629767,-1.5007489954016444
2023-11-08,0.5066125961720225,-1.8884314828702744,-1.3352230801376646,-2.025704817308088,-1.4322827437216656
2023-11-09,0.8040058240867269,-1.8383426482259724,-1.2998075680150756,-1.9871593261019986,-1.4050289990343614
2023-11-10,-0.7725586025069316,-1.8065376910872104,-1.277319745068003,-2.025773979325266,-1.4323316450042605
2023-11-13,0.7234338895524853,-1.9687414651693766,-1.3920065763374971,-2.047987015755948,-1.4480374618110772
2023-11-14,1.740577862138782,-1.9119469299916438,-1.3518497716650086,-2.052969294669669,-1.4515602021686846
2023-11-15,0.8528696390834213,-1.9246260726722955,-1.3608146105257934,-2.461287738047582,-1.740263400875908
2023-11-16,0.24379715599134,-1.882331816629475,-1.3309102865734135,-2.424932891743689,-1.714558560483163
2023-11-17,0.8361290376463646,-1.8281122988628098,-1.2925741583248258,-2.29249718015486,-1.6209193576040148
2023-11-20,-0.1120666580541593,-1.7994757063826523,-1.2723265403610082,-2.2830915660947215,-1.6142690803289952
2023-11-21,-0.0050299239027282,-1.7623660056899768,-1.2460879771346902,-2.1631975870769296,-1.5294975599396088
2023-11-22,0.3596551595645857,-1.726696831913879,-1.2208679442622778,-2.0579606146371487,-1.4550893350397387
2023-11-23,0.2310311494073794,-1.700288104124295,-1.202195546994186,-1.9909952120796353,-1.4077411776527415
2023-11-24,0.2170843100155807,-1.6761430975191534,-1.185123722900118,-1.919986086896412,-1.3575338899088858
2023-11-27,-0.3945522850599633,-1.6554166094978469,-1.1704689761289073,-1.8580553097558545,-1.313745484685282
2023-11-28,0.1645844843406254,-1.6983301218997213,-1.2008111477822132,-1.8272458218254812,-1.2919615122483623
2023-11-29,1.0807631821599466,-1.6724585055677994,-1.1825185173319182,-1.7750729271530554,-1.2550724570953882
2023-11-30,0.302511958645477,-1.684452440405989,-1.190998877230005,-1.9599001866075072,-1.385755314747751
2023-12-01,1.1166836505028106,-1.6637910361850134,-1.1763901482217547,-1.900064538924516,-1.3434482792391698
2023-12-04,0.0441447036472812,-1.6815084508790437,-1.1889173175866092,-2.0674108842160273,-1.461771186179004
2023-12-05,0.7793476771123728,-1.6587175369188396,-1.1728029101468205,-1.9746800780399287,-1.39620549646814
2023-12-06,0.7431896493775858,-1.657751166093497,-1.1721196337655095,-2.0094024426771195,-1.4207560841283637
2023-12-07,-0.1649323756979799,-1.6555380393034125,-1.1705548335616385,-2.027176089496482,-1.4333230126437462
2023-12-08,0.7801024705102276,-1.6478339337775438,-1.165107614743659,-1.945043180236889,-1.3752506085999534
2023-12-11,0.2098668662753746,-1.648668019580999,-1.1656973584678507,-1.985140850859693,-1.4036018279907414
2023-12-12,-0.0160152416128724,-1.632194038314673,-1.1540493637123719,-1.9124226784971057,-1.3521861515604912
2023-12-13,-0.1531057758321442,-1.617076535021489,-1.1433604721670794,-1.842065165227537,-1.3024395886426596
2023-12-14,-0.0824643315097979,-1.613845737836149,-1.1410761240145304,-1.7867760437374731,-1.2633471927767197
2023-12-15,-0.004721964053434,-1.6037571362970058,-1.1339429376937313,-1.736147291440432,-1.227549929704811
2023-12-18,-0.6040896244381847,-1.5920605202365656,-1.1256727982340402,-1.6913594113689663,-1.1958824788471476
2023-12-19,0.5621184724288284,-1.7287021336549013,-1.2222858009287976,-1.7326402816735482,-1.2250702843348373
2023-12-20,-0.0678628254225011,-1.7036689203337845,-1.2045859667015257,-1.7552821657699371,-1.2410793196096308
2023-12-21,-0.2730714844525453,-1.6754591561252612,-1.1846401393849784,-1.7074288675787126,-1.2072444525333217
2023-12-22,0.1123554682210487,-1.679278078766186,-1.1873403240078662,-1.6816110222802008,-1.188989841108606
2023-12-27,0.2146039854072149,-1.6527372836219383,-1.1685745479851415,-1.6458336135767233,-1.1636932802951876
2023-12-28,-0.2423155732024419,-1.6313107988189306,-1.1534248656722248,-1.6230100614263114,-1.147555795891657
2023-12-29,0.2994624971626512,-1.6356537186124964,-1.1564955445907643,-1.6060997325289825,-1.1355992797875545
2024-01-02,0.1057173213820018,-1.617355999841543,-1.1435580688928313,-1.5990014869216256,-1.1305804366633003
2024-01-03,-1.3868991583284898,-1.5990912589127806,-1.1306439103109422,-1.574213873783778,-1.1130542550340505
2024-01-04,0.4759280290394104,-2.247671772884365,-1.5892253729892458,-1.9584301327330724,-1.3847159072394586
2024-01-05,-0.1389767322435139,-2.12830621072686,-1.5048274718675902,-1.9195498600582304,-1.3572254539673125
2024-01-08,0.7340607192363031,-2.038957961585224,-1.4416534327213693,-1.8477023551984433,-1.3064253864990025
2024-01-09,-0.168307006473176,-1.9699763375843453,-1.3928796978483637,-1.889779192157379,-1.3361759834130975
2024-01-10,0.0086953351805129,-1.9072929329691146,-1.3485591443397706,-1.8251375040637088,-1.2904708176897735
2024-01-11,-0.859179928062285,-1.843269461216536,-1.3032910909684865,-1.7647204603585134,-1.2477527037838083
2024-01-12,0.9475181747553496,-2.038589358079261,-1.4413928101289977,-1.861952751910742,-1.3165011868465262
2024-01-15,-0.4941371965947412,-1.973670751948163,-1.3954918483928271,-1.9687089073222803,-1.3919835561806757
2024-01-16,-0.3045201322342683,-1.9806056202670175,-1.4003951749477181,-1.931849010325995,-1.3659216176632494
2024-01-17,-0.8483441393796812,-1.936579898769226,-1.3692666113769516,-1.8731081239744116,-1.3243886375600122
2024-01-18,0.8222113392252062,-2.099444505815466,-1.4844206872532801,-1.9419993513089326,-1.3730984571062594
2024-01-19,-0.0737791999955264,-2.0209460373130197,-1.4289180291739845,-1.9891886438571826,-1.4064638363203488
2024-01-22,0.7715702540190797,-1.9422831548643966,-1.3732991215523451,-1.9040139614047484,-1.3462407342986489
2024-01-23,-0.3378494502023984,-1.88656104915574,-1.3339005824520624,-1.9421724210009443,-1.373220826728532
2024-01-24,1.568370612352123,-1.864750284340718,-1.3184791934100792,-1.8845982048024874,-1.3325127454524393
2024-01-25,0.1006011302378808,-1.863494240449658,-1.3175911025218356,-2.2446112833401175,-1.5870614415397513
2024-01-26,0.3216620446146262,-1.8070881488401656,-1.2777089484376,-2.1268701191126693,-1.5038120775120878
2024-01-29,-0.1160937424798049,-1.761224722083594,-1.2452810279675914,-2.0415054360108624,-1.443454634766573
2024-01-30,0.1806266952600262,-1.7248030359290325,-1.219528928189428,-1.9520607321712438,-1.380212396937952
2024-01-31,-0.4048882404080683,-1.69084121527667,-1.1955160862145593,-1.8793480213336793,-1.3288005821009499
2024-02-01,-0.264911268204156,-1.7213599723101365,-1.2170944962007466,-1.8419933442577439,-1.302388807336917
2024-02-02,0.3503656190535221,-1.710872494716746,-1.209679282960477,-1.790949964576457,-1.2662983803042693
2024-02-05,-0.0836749918298895,-1.6788962732617487,-1.1870703668893405,-1.7584296407017181,-1.2433047544274622
2024-02-06,0.7612880719440723,-1.651008336292985,-1.16735208881789,-1.706458262294322,-1.206558182160699
2024-02-07,-0.6554500720230801,-1.6402402258016384,-1.1597384529576864,-1.7807674684987165,-1.2590988054720675
2024-02-08,0.2471192831997178,-1.7774883252418616,-1.2567802740350809,-1.8103471609089143,-1.2800132460370166
2024-02-09,-0.2202993782380713,-1.7338740241437662,-1.2259426069137203,-1.7619928055916905,-1.2458241045032172
2024-02-12,0.6527528784014754,-1.7118121510644784,-1.2103436707628785,-1.7166108033368817,-1.213736577164719
2024-02-13,-0.9229306744622006,-1.6859940971467056,-1.1920889118330746,-1.7573884993696227,-1.2425686112584307
2024-02-14,0.3822496057037969,-1.9564391044583256,-1.383308142684714,-1.8734368856790669,-1.324621089846422
2024-02-15,0.5954858644379811,-1.8861367941622178,-1.3336006112514376,-1.8311131215171483,-1.2946959020596753
2024-02-16,0.4141776969236116,-1.8308764592042948,-1.2945285690189021,-1.8358257978656654,-1.2980280188385138
2024-02-19,-0.1472079125049205,-1.7797022411311638,-1.2583456321747295,-1.8035260683473457,-1.275190365089216
2024-02-20,-0.1395175704703923,-1.740399294596065,-1.230556325648597,-1.7461981501812598,-1.2346564298281615
2024-02-21,0.290696135291251,-1.708319958987746,-1.2078745023003619,-1.697367160979118,-1.200130282387772
2024-02-22,1.4632940280449829,-1.6736954461042064,-1.183393101116371,-1.6682153749336754,-1.179518394740173
2024-02-23,0.2810071953807722,-1.699800344350979,-1.2018506744834268,-2.0441761800552434,-1.4453429950918186
2024-02-26,0.0223886567466426,-1.6659642448404426,-1.1779267241478633,-1.9634815815334536,-1.38828755444381
2024-02-27,0.7619295273403105,-1.6352342672369786,-1.1561989698075819,-1.8795393895020072,-1.3289358897345458
2024-02-28,0.2544562298983276,-1.6260836916712944,-1.149729018526493,-1.916967688463824,-1.3553997191492893
2024-02-29,0.4363387697094966,-1.603098422199857,-1.1334771912402841,-1.8520872396208943,-1.3095257366772857
2024-03-01,0.3212407367573934,-1.5895309442115781,-1.1238842513250507,-1.8196696671113826,-1.2866047615667953
2024-03-04,-0.1066275385050985,-1.5738931590442686,-1.1128274923867332,-1.7761059338725713,-1.2558028486538568
2024-03-05,-0.1003515365818269,-1.5612217742595922,-1.1038681387775202,-1.7196689563852117,-1.2158988565853721
2024-03-06,0.1034052855964254,-1.5499185451138906,-1.0958761451191184,-1.6712911905156431,-1.1816931625263194
2024-03-07,0.7094530922551384,-1.5367719111387597,-1.0865807646571084,-1.629551047201283,-1.1521806262086773
2024-03-08,-0.1589565251828572,-1.5412301436545741,-1.089732975900001,-1.7009409922898937,-1.2026571741992838
2024-03-11,-0.3837954031859242,-1.538676383354114,-1.0879273294017064,-1.6570963407197499,-1.171656636849594
2024-03-12,1.2256182194385463,-1.586638277180728,-1.121838979459071,-1.6460224744591643,-1.1638268151422064
2024-03-13,-0.0207563589655537,-1.6139047106963527,-1.1411178210126793,-1.9120413208803937,-1.3519165111227847
2024-03-14,-0.1077434895516357,-1.5897923560230471,-1.1240690835984268,-1.8336946005130472,-1.2965211471731364
2024-03-15,-0.0300382873379964,-1.5737361229571845,-1.1127164593893535,-1.7684590351338685,-1.2503960781249772
2024-03-18,-0.0221398232560864,-1.555313607187095,-1.0996907454709242,-1.7098975455912508,-1.2089899412575191
2024-03-19,0.3051800118650186,-1.5389410209272631,-1.0881144424628608,-1.6590218395772205,-1.173018068566124
2024-03-20,0.1535478784097713,-1.5275017119211565,-1.0800262329914931,-1.6352626512562816,-1.156219038842664
2024-03-21,0.9068825687253148,-1.5164777910008471,-1.0722317253379579,-1.5997508658992445,-1.1311102880853736
2024-03-22,0.146705064961775,-1.5330959397947275,-1.08398165432401,-1.7431953984114401,-1.232533322104447
2024-03-25,0.3036759629654587,-1.5195251988404541,-1.0743864073155382,-1.6910735112919413,-1.1956803320470546
2024-03-26,0.6715093919433112,-1.5102329548591014,-1.0678162888109926,-1.6614919365605587,-1.1747645605793362
2024-03-27,0.5031839853687976,-1.514925095949684,-1.0711338860530624,-1.7128087761911686,-1.2110483385697186
2024-03-28,0.0833138568696976,-1.5121217425697329,-1.0691517637634025,-1.7137130684473927,-1.211687722048893
2024-04-02,-1.1385892638780295,-1.5008818704449025,-1.0612045669415942,-1.6618780319283557,-1.175037550863015
2024-04-03,0.4615990643743557,-1.974947834809003,-1.396394814969327,-1.8837579649831901,-1.331918650506579
2024-04-04,0.1925991141967733,-1.8989918055765274,-1.3426897988081556,-1.8490206655275148,-1.3073575031228393
2024-04-05,-1.2471632880227137,-1.829622237715093,-1.2936417666672269,-1.7847650170323677,-1.2619252882513046
2024-04-08,0.7888000679608055,-2.2603593232641415,-1.5981961565475347,-2.0195004353248485,-1.4278959104702837
2024-04-09,-1.3313940610920385,-2.154587901207964,-1.5234100468954472,-2.0364101993994828,-1.439852027214227
2024-04-10,0.1139566313916028,-2.541793131938475,-1.797185063628169,-2.2419509470933776,-1.5851804400897145
2024-04-11,-0.7923106969112904,-2.386188870765696,-1.687164444521632,-2.1205963537210977,-1.4993761864426043
2024-04-12,-0.1346540004377691,-2.421878739183643,-1.7123991096238518,-2.120957024996863,-1.4996312005196906
2024-04-15,0.5354187626759636,-2.288658391595727,-1.6182051267037059,-2.0176166026536175,-1.4265639389984242
2024-04-16,-1.4547848971801618,-2.174571413617532,-1.5375394697702012,-1.9760194523648662,-1.3971525064750279
2024-04-17,0.0213250554819905,-2.6333017127453036,-1.861886573972727,-2.2490052827668308,-1.5901682365184824
2024-04-18,0.3784657240037666,-2.4713809233920414,-1.7473998281947036,-2.1267473532668277,-1.5037252754267023
2024-04-19,-0.5624284183328198,-2.331809457412019,-1.6487152614547325,-2.04477404267174,-1.4457657162609685
2024-04-22,0.693529668303137,-2.2940192606837475,-1.6219955507677244,-2.004499260442768,-1.4172892693962367
2024-04-23,1.5381498851941169,-2.183458624658577,-1.5438232081042085,-1.999393670959712,-1.4136793418043059
2024-04-24,-0.2702519144003532,-2.127404333875741,-1.5041897962103163,-2.3042905994228335,-1.6292579421611866
2024-04-25,-0.9521819658271264,-2.0511322534020047,-1.450261314747033,-2.187007117755071,-1.5463321844293363
2024-04-26,1.3511404392249289,-2.236257787799439,-1.5811550688982678,-2.222652219008949,-1.5715351967280307
2024-04-29,-0.2353377128828865,-2.159135518958261,-1.52662545832812,-2.391921938599863,-1.691218033207063
2024-04-30,-1.032729618214251,-2.0722137433920236,-1.4651670670889612,-2.2597419946601436,-1.5977596718735794
2024-05-02,-0.1991139148488078,-2.2942288178047088,-1.6221437189734829,-2.304456815771825,-1.6293754660996944
2024-05-03,0.5855458133382536,-2.184372332162536,-1.544469248672186,-2.182052918078519,-1.542829297609377
2024-05-06,0.9598008131742796,-2.0849769832360465,-1.4741913671875646,-2.1256464095393603,-1.5029468487333428
2024-05-07,1.392389776909481,-2.0110221885760997,-1.421901331985061,-2.172117288797162,-1.5358042709390967
2024-05-08,0.3700680103170389,-1.9694739911258723,-1.3925245117631586,-2.3648041101811157,-1.6720442634852775
2024-05-09,1.012346141279731,-1.8941338862294836,-1.3392549873826645,-2.250661385523941,-1.5913391906380419
2024-05-10,0.4604987751622837,-1.8502595110243476,-1.3082334338172277,-2.290310349446057,-1.6193731501502449
2024-05-13,-0.1632885813641824,-1.7934835863852645,-1.2680897878009916,-2.198424198692103,-1.5544046774550055
2024-05-14,-0.1377561219501679,-1.7490749064635616,-1.2366904519353454,-2.08776157409316,-1.4761602233599407
2024-05-15,0.8138200143103556,-1.7084880269067737,-1.2079933353989158,-1.9901784900326807,-1.407163711042466
2024-05-16,-0.6942605969100953,-1.6848701204804708,-1.1912941996076611,-2.018696882001156,-1.4273277548587893
2024-05-17,-0.1836948053896265,-1.8225065342103577,-1.28861057986637,-2.0102326375976274,-1.4213430767881083
2024-05-20,0.3444636056986854,-1.7767948359024153,-1.2562899396066105,-1.925405839421111,-1.3613659477437898
2024-05-21,-0.2250986987468292,-1.7277709767068732,-1.2216274226611634,-1.8654055577183133,-1.3189425070889187
2024-05-22,-0.248940690098104,-1.7029899229525864,-1.2041058788704593,-1.802758557684614,-1.274647693586211
2024-05-23,0.059516413663495,-1.684626893164104,-1.1911222247547322,-1.7488820381524373,-1.236554083619748
2024-05-24,0.0109607871940305,-1.6454229443194763,-1.1634029149440734,-1.690799532756616,-1.1954866144210001
2024-05-27,0.4341931825481289,-1.613572087895501,-1.1408826387226647,-1.6398692321448596,-1.1594761403995613
2024-05-28,-0.5171446800186583,-1.5897970070077383,-1.1240723720958712,-1.6372507938922387,-1.157624763094889
2024-05-29,-1.1013500301549617,-1.6697997639328483,-1.1806386433585645,-1.651788523838588,-1.1679037235619487
2024-05-30,0.1271298539624551,-2.051693597731251,-1.4506582155142107,-1.8558903556397206,-1.3122147451644033
2024-05-31,0.0062192137719634,-1.959918721237659,-1.3857684197325943,-1.785060925911329,-1.2621345118150877
2024-06-03,0.5940857619672008,-1.880434463805446,-1.3295687556231048,-1.7213102337295043,-1.217059328337133
2024-06-04,-1.0943029245612654,-1.8207567716547457,-1.287373403209337,-1.738727707669601,-1.2293744233847783
2024-06-05,0.9209992193333072,-2.1483343330044,-1.51898843632903,-1.9169072953959858,-1.3553570179876167
2024-06-06,0.4122129657173716,-2.062746145768634,-1.4584729640860856,-1.991974556551059,-1.4084336271027278
2024-06-07,-0.5127694431069029,-1.977602794390368,-1.3982720148264713,-1.932596772514116,-1.3664503259278011
2024-06-10,-0.3367089255844471,-1.9823087907897743,-1.401599408520407,-1.898002375700118,-1.3419902184319847
2024-06-11,-0.6778908249741008,-1.9373650237487985,-1.3698217371535695,-1.8397788505925041,-1.3008230406784662
2024-06-12,1.410370884898602,-2.0119006366239667,-1.4225224422127043,-1.857138406816766,-1.3130971847720354
2024-06-13,-1.9795439985809713,-1.968193310148926,-1.391619001124185,-2.1431215465346214,-1.5153027146762126
2024-06-14,-1.4539924336691077,-2.9357703402792508,-2.075748234384704,-2.638233784411382,-1.865373815093825
2024-06-17,0.3670144586792632,-3.1994662306763026,-2.2621954749594275,-2.7602243357288585,-1.9516277253655603
2024-06-18,0.3522624952010773,-2.966820381304376,-2.097702290855397,-2.590227901737224,-1.8314310625447667
2024-06-19,-0.3539272076323118,-2.7642490297059754,-1.9544734014398488,-2.4417056225090548,-1.7264177872742836
2024-06-20,1.0256632533436991,-2.615318536142417,-1.8491714965806314,-2.31249193203448,-1.6350567273913035
2024-06-21,-0.4978916597184417,-2.472482704559272,-1.7481788470032185,-2.3454020136120906,-1.6583259330205433
2024-06-24,0.8882741103415963,-2.394789122866392,-1.6932452873819712,-2.250435197363831,-1.5911792633891202
2024-06-25,-0.8106782473733726,-2.276158126090406,-1.6093667636696471,-2.25404968819911,-1.5937349036810704
2024-06-26,-0.1231882624435676,-2.340573661964784,-1.6549120275561493,-2.2360763566442685,-1.5810267872698174
2024-06-27,0.3041902182248652,-2.2173634603384023,-1.5677957586249025,-2.1151588812697204,-1.495531599662227
2024-06-28,0.1366319561731131,-2.106678482113118,-1.4895354993083685,-2.0227289749442354,-1.4301786624017396
2024-07-01,0.3023096655678078,-2.0112973139584898,-1.4220958604939484,-1.9309928274273689,-1.3653162500989853
2024-07-02,-0.6945609011884646,-1.9264377018548056,-1.362095530230363,-1.8633260958236306,-1.3174722151872889
2024-07-03,1.1520481699241631,-2.009023187136616,-1.4204879299721003,-1.8808095659142765,-1.329833973078788
2024-07-04,0.4124983539930859,-1.9528343151169631,-1.380759361873082,-2.0503882705662293,-1.4497352786887676
2024-07-05,0.1352369677175872,-1.8761578376326933,-1.3265449498759663,-1.9796410791697576,-1.3997131922830122
2024-07-08,-0.0183960349662873,-1.8049590382678966,-1.276203552238667,-1.88942426469018,-1.3359250305189747
2024-07-09,-1.2850769881641582,-1.7489862379041003,-1.2366277584735232,-1.8104580562795374,-1.2800916550551247
2024-07-10,0.933496589228261,-2.239680772780498,-1.583575304205258,-2.0558299620107876,-1.4535828485252533
2024-07-11,0.6894109801932471,-2.141648065480587,-1.5142608839667915,-2.1091934155378174,-1.491313693107894
2024-07-12,1.1459537415983594,-2.048486016845723,-1.4483902825398804,-2.0838867238438983,-1.4734204948964922
2024-07-15,-0.8424954962485622,-1.9846845015042616,-1.4032791643423617,-2.205729954516807,-1.5595702415135801
2024-07-16,-0.392689530755699,-2.1304085612169863,-1.5063139472427458,-2.204643894506466,-1.5588023384123155
2024-07-17,-0.4368985143234455,-2.0757483618193566,-1.467666233273419,-2.1105074356445592,-1.492242776312766
2024-07-18,-0.4486900319050667,-2.0417268642406494,-1.443611196487603,-2.0358161837016855,-1.4394320260244258
2024-07-19,-1.001085002510522,-2.0164022012391243,-1.4257052915908313,-1.973516435296987,-1.3953827381835509
2024-07-22,1.2856768308834885,-2.239969427928606,-1.5837793989894482,-2.0661103030595376,-1.460851605037994
2024-07-23,0.8149908245219187,-2.1568200656325573,-1.5249883077354167,-2.248113316172879,-1.5895375679484234
2024-07-24,-0.9215793646682898,-2.063922718844032,-1.4593048648142777,-2.2325101928997553,-1.5785053168418899
2024-07-25,-0.4837811049421177,-2.2322052402604844,-1.5782896988509822,-2.249436311377343,-1.590472997032261
2024-07-26,0.6472906328498461,-2.1863276246983947,-1.5458517461289278,-2.161918428709517,-1.5285931258678334
2024-07-29,-0.5274130433874562,-2.0848041366613903,-1.474069155321316,-2.1189120522253657,-1.4981852942914138
2024-07-30,0.4928145452450372,-2.0768704884424793,-1.4684596374184047,-2.058051258984084,-1.4551534254900458
2024-07-31,0.52801396634034,-1.986229955357467,-1.4043718837090982,-1.9996847378247744,-1.4138851418026748
2024-08-01,-2.326313285080173,-1.9093426122682977,-1.3500083783373895,-1.9569841104020502,-1.3836934913306533
2024-08-02,-2.360376335616341,-3.2225153784753657,-2.2784924676742686,-2.724702029963861,-1.9265115361114806
2024-08-05,-1.841301571168847,-4.060350009486817,-2.870886815477017,-3.260605602992922,-2.3054243142171806
2024-08-06,0.0883185198640146,-4.298320938673338,-3.0391451186952523,-3.409983600911757,-2.4110426288318214
2024-08-07,1.4917864641052032,-3.936316086790579,-2.7831881312481834,-3.1424925065812204,-2.221911974041764
2024-08-08,0.3697354079403876,-3.649936857108847,-2.5807025443409453,-3.179501798727452,-2.248079543001215
2024-08-09,0.2399805195305926,-3.369771973837491,-2.3826108360733986,-2.9582322585432044,-2.0916300240933845
2024-08-12,0.0202533677150119,-3.1218525836197304,-2.2073184334444864,-2.7539163398462607,-1.947167631489633
2024-08-13,0.4816196058523744,-2.9008572740630747,-2.051062810405562,-2.5663665333064554,-1.8145597859634184
2024-08-14,0.4120659561104712,-2.7077145603481974,-1.9145004773520196,-2.435761395024675,-1.7222148973083375
2024-08-15,1.6504405608105874,-2.534577401076959,-1.7920831520821305,-2.3124311130225457,-1.6350137250641432
2024-08-16,0.7624072770183437,-2.4322989975152565,-1.719766795214551,-2.5948444366572363,-1.8346952021396505
2024-08-19,0.5404368679973559,-2.301725112779037,-1.627444004504642,-2.512434266648211,-1.776426759767109
2024-08-20,-0.3489470750472152,-2.1812592557266237,-1.5422681354492984,-2.3989269565527693,-1.6961709593430343
2024-08-21,0.4968141669871004,-2.1065212049817035,-1.489424295879625,-2.2738419728794255,-1.6077291182202418
2024-08-22,0.2405988785574235,-2.0088649260356437,-1.420376030823721,-2.185599961665354,-1.5453372490528665
2024-08-23,0.752614335218902,-1.9185792302140563,-1.356539166229596,-2.076462086837895,-1.4681708754202314
2024-08-26,-0.0863357191590031,-1.8556005902167858,-1.3120098653559285,-2.073148774538366,-1.4658281846241055
2024-08-27,0.3474161557193789,-1.7864011994981204,-1.2630821576486886,-1.969238680094256,-1.3923581341512226
2024-08-28,0.5364002209628965,-1.7314625384182678,-1.2242375562262504,-1.900797043563284,-1.343966199592046
2024-08-29,0.6912442222435738,-1.6899606598610055,-1.1948934859640339,-1.8751173041427498,-1.3258092364841747
2024-08-30,-0.0298808399162741,-1.661155937502343,-1.1745269910929643,-1.8910836305558127,-1.337098291832548
2024-09-02,0.1264857362725436,-1.6228394967323083,-1.147435197438308,-1.809475305407587,-1.2793967970959368
2024-09-03,-0.9753271985521456,-1.5922333918963312,-1.125795027836816,-1.7428176642950448,-1.2322662436772223
2024-09-04,-0.8316282224677957,-1.9393953391996264,-1.3712572798642773,-1.880208566143901,-1.3294090337723625
2024-09-05,-0.0825950595543589,-2.1000286863582316,-1.4848337344571334,-1.9382224748139951,-1.370428001380111
2024-09-06,-1.4892440106686575,-1.9999108640726715,-1.4140450252763173,-1.851930472755111,-1.3094148940339103
2024-09-09,0.7710386776698133,-2.592170766827212,-1.8328047731258903,-2.1908122327418433,-1.5490226062947852
2024-09-10,-0.9678263453723406,-2.432826940919778,-1.7201400797234772,-2.172649666381351,-1.5361806906526025
2024-09-11,0.3516741860656538,-2.5505827684424536,-1.8033998114930452,-2.215834355363011,-1.5667145987980222
2024-09-12,1.0210560022440305,-2.388305478735251,-1.688661000704998,-2.1125012740343556,-1.4936525277706663
2024-09-13,0.9727132529983926,-2.2665589640737447,-1.6025796375330155,-2.185103424140056,-1.5449861701972418
2024-09-16,-0.3551386484055441,-2.160306580966731,-1.5274534624342606,-2.2279537852476707,-1.5752836904737826
2024-09-17,0.4977136624617267,-2.0901520361037593,-1.4778504091451792,-2.1232149436972976,-1.501227671024044
2024-09-18,-0.0779422615667917,-1.9946581657687001,-1.4103310838005045,-2.055599474183135,-1.453419881179091
2024-09-19,1.5426493505265697,-1.9074865648459127,-1.3486960525375509,-1.951881604057821,-1.3800857436844383
2024-09-20,-1.4971286986846029,-1.8882303936044478,-1.3350808991629588,-2.289138640633716,-1.6185446887188248
2024-09-23,0.6749565155008249,-2.531039799520861,-1.7895818766644738,-2.5137475489600036,-1.7773553213110933
2024-09-24,0.7919082379714939,-2.3769141007374945,-1.6806066810459874,-2.421296822152024,-1.7119876628446642
2024-09-25,-0.4121360955154496,-2.248673153597266,-1.589933403252456,-2.369964830614963,-1.6756931716378454
2024-09-26,1.6765890735206166,-2.1793128454226105,-1.5408919182103304,-2.2538121541164986,-1.5935669542519815
2024-09-27,1.2155116782273692,-2.1254755449522413,-1.502826038239359,-2.570211877827817,-1.817278652283206
2024-09-30,-0.7665330769227457,-2.052665535697207,-1.4513454281646982,-2.6194331435973806,-1.852080746341297
2024-10-01,-0.5801503559355401,-2.1519474743721925,-1.521543122474563,-2.530606713358565,-1.7892756613504255
2024-10-02,-0.2521798350915954,-2.1515727332304224,-1.5212781602420928,-2.4175502074170705,-1.7093386038177036
2024-10-03,-0.7822942845277677,-2.0629638245362067,-1.4586268747347673,-2.2770547644787555,-1.6100007354507373
2024-10-04,0.5533818974793203,-2.1673652600852087,-1.5324443299133135,-2.246914368178409,-1.588689846943652
2024-10-07,-0.0880579009204647,-2.062145647647252,-1.4580483794726,-2.1700033348856875,-1.5343095913181781
2024-10-08,-0.197161939847637,-1.9680617768421036,-1.3915259999702276,-2.051475239242624,-1.4505038242660224
2024-10-09,0.983578375458644,-1.8975337869643993,-1.3416589008805144,-1.953869897648718,-1.381491574669961
2024-10-10,-0.2289268996117369,-1.8474554540816892,-1.3062508140707243,-2.0477097799407975,-1.4478414411122127
2024-10-11,0.8445343736598849,-1.8007205608021937,-1.2732067196883812,-1.953507492113423,-1.3812353343776946
2024-10-14,0.6916265025179444,-1.7596970362987268,-1.2442008715850827,-1.9994871312608686,-1.4137454232863786
2024-10-15,-0.1133473895911056,-1.7190690169745413,-1.2154746670105436,-1.9930226626825023,-1.4091746947611687
2024-10-16,-0.2743078687566939,-1.6765532422278582,-1.1854137173670745,-1.8988922954816083,-1.3426194397950553
2024-10-17,0.7718887090328688,-1.6665791366340592,-1.1783614858652312,-1.8299866608547481,-1.293899433514776
2024-10-18,0.3770498008232001,-1.6442864702017583,-1.1625993663452914,-1.8780867585306456,-1.3279088011599913
2024-10-21,-1.0030090025481522,-1.6115109882160081,-1.1394253298991852,-1.8254815793142098,-1.290714097480404
2024-10-22,-0.2020379580377815,-1.9682124314255183,-1.3916325208997549,-1.954267176849878,-1.3817724725280294
2024-10-23,-0.2283070731332298,-1.8961481326860938,-1.3406791684463395,-1.869581881286616,-1.3218953934759032
2024-10-24,0.3368360558854116,-1.84007854446151,-1.3010349404346937,-1.7993638122296252,-1.2722474251497815
2024-10-25,0.1058424588474972,-1.7763606479075975,-1.2559829452374434,-1.752214295436621,-1.2389101695435203
2024-10-28,0.3489114055908631,-1.7193962309272968,-1.2157060249527436,-1.6896392447855664,-1.1946662281413787
2024-10-29,-0.2745413383707324,-1.674239149636167,-1.1837775288868309,-1.6620719327867877,-1.175174649245342
2024-10-30,-1.1396954728938589,-1.662944982309824,-1.1757919424242766,-1.6273295713299922,-1.1506099227533377
2024-10-31,-0.9380600896745416,-2.0912412238244786,-1.4786205237066545,-1.8640153091818157,-1.317959526265999
2024-11-01,0.9257567996649416,-2.2812108056558382,-1.6129392810913812,-1.9633515414076261,-1.3881956090494847
2024-11-04,-0.5578828362529464,-2.168824873422816,-1.5334763553980233,-2.033598199260961,-1.4378637911991197
2024-11-05,0.5646280260603334,-2.1583097164548626,-1.5260415713445707,-1.988965231790357,-1.4063058719193564
2024-11-06,-1.1330879709182635,-2.0514970271968926,-1.450519229526776,-1.9533541958378313,-1.3811269456290818
2024-11-07,1.6833396523556934,-2.3603853384888414,-1.6689199531764831,-2.1058098296780208,-1.4889213151081577
2024-11-08,-0.7622985874587187,-2.276881870543538,-1.6098784900980136,-2.4733915571511162,-1.7488214548860466
2024-11-11,1.2058839371179442,-2.325790162146007,-1.6444592945116654,-2.4016422356871514,-1.6980908083829012
2024-11-12,-2.1567095169652863,-2.2200874620252367,-1.5697217749805858,-2.480643348343268,-1.753948863033989
2024-11-13,-0.1605355691903754,-3.2954464357222317,-2.3300586652187234,-2.991215514925434,-2.114950968262729
2024-11-14,1.3619838267079996,-3.0407156581923416,-2.1499502437776865,-2.7648730687734915,-1.9549146307740413
2024-11-15,-0.2749285462543421,-2.846978174686197,-2.01296737634952,-2.8273149309551715,-1.999064400732882
2024-11-18,-0.1126098751812839,-2.6663556737093606,-1.8852575101012106,-2.630679976821773,-1.8600328650365663
2024-11-19,-0.6738879931804185,-2.494676947188563,-1.7638713755771238,-2.449734276140115,-1.732094479136214
2024-11-20,-0.2917701737873559,-2.467645666570608,-1.7447587998262086,-2.3638030945123107,-1.6713364913279651
2024-11-21,0.741220206767716,-2.3382878617111085,-1.653295843287365,-2.227818002371324,-1.5751876846445905
2024-11-22,0.9172178140492234,-2.214257288385447,-1.5655995272444778,-2.1940289698860362,-1.5512970132386548
2024-11-25,0.4266161445903865,-2.1106824271828755,-1.4923665047842027,-2.2182935063040485,-1.5684533513679721
2024-11-26,-0.5644222777316544,-2.009516226786549,-1.4208365356408712,-2.121441471856161,-1.4999737306212602
2024-11-27,-0.1775544220401405,-2.028135345448949,-1.4340012584255557,-2.063951455460629,-1.4593251831546958
2024-11-28,0.8477235983316259,-1.944232249538375,-1.3746772367859006,-1.9609334374256653,-1.386485878897147
2024-11-29,1.0279606367893936,-1.8798478051196736,-1.3291539562382653,-2.006230173986142,-1.4185131187833073
2024-12-02,1.5529603860705077,-1.8345500588409698,-1.2971260024267683,-2.104086072065124,-1.487702525350531
2024-12-03,0.4161712702421514,-1.8357814409587454,-1.2979966561089575,-2.4075747321303886,-1.702285403868995
2024-12-04,1.0703036919732118,-1.7704604195527152,-1.251811165033087,-2.28030912645757,-1.6123017451853512
2024-12-05,0.6240829256862112,-1.7458813423230986,-1.2344324295570248,-2.337651793701667,-1.6528461088413728
2024-12-06,0.126688449017483,-1.700765834388203,-1.2025333280999535,-2.256507503068877,-1.5954727115764518
2024-12-09,-0.1897761254155277,-1.6556169366860218,-1.1706106182735425,-2.1214180136649348,-1.499957144412744
2024-12-10,-0.082609623542266,-1.6291527592541608,-1.1518990151127164,-2.0062419772542963,-1.4185214643315596
2024-12-11,0.3437414967694116,-1.5936579698957116,-1.1268022814446292,-1.901294438448943,-1.3443178846477648
2024-12-12,0.1328063375794452,-1.5639908911820788,-1.1058260540421418,-1.8353050385447334,-1.297659813864803
2024-12-13,-0.0996743565913166,-1.5346524379561133,-1.0850821826132946,-1.7568207562540823,-1.2421671862036512
2024-12-16,-0.452407376186927,-1.515215202125696,-1.0713390067923718,-1.6883819238479376,-1.1937772343122193
2024-12-17,-0.3325501460903198,-1.5886814533378,-1.123283615383888,-1.6783281608316685,-1.1866686807092293
2024-12-18,-0.0187647697739535,-1.601889486945302,-1.1326224087030747,-1.6458758724927982,-1.1637231596318736
2024-12-19,-1.356372249059556,-1.5630646164820174,-1.1051711277875818,-1.5901290940278392,-1.1243071755599494
2024-12-20,-0.4270999300260459,-2.2298168048597504,-1.5766009459884054,-1.969110870323857,-1.392267765738679
2024-12-23,-0.1811089428234346,-2.1628737883124076,-1.5292686167199943,-1.9043149040858118,-1.3464535170324674
2024-12-27,0.6805964840809604,-2.0552398509795737,-1.4531656081456752,-1.8172137705300924,-1.2848683100050018
2024-12-30,-0.3769027541394708,-1.9616243664853563,-1.3869744030695121,-1.8401065914042942,-1.301054771138467
2025-01-02,0.5785567675500403,-1.9228185529729915,-1.3595365964478636,-1.7877002529558395,-1.2640006586241346
2025-01-03,-0.5939305207377921,-1.8443003490024876,-1.3040199843264508,-1.7864683885194204,-1.2631296639166074
2025-01-06,1.5458524857375562,-1.9070062951409594,-1.348356475909772,-1.7905127454832217,-1.265989242784767
2025-01-07,0.6133687703335611,-1.8778357476098437,-1.3277313228782208,-2.197478383508133,-1.5537359350226554
2025-01-08,-0.052277975753828,-1.8074143342463056,-1.277939579141776,-2.133153634845319,-1.5082548625994716
2025-01-09,-0.0631772668967498,-1.739737870736042,-1.2300886632464039,-2.0092701222965412,-1.4206625264707398
2025-01-10,-0.5048408427120625,-1.6826884662419752,-1.1897516521980553,-1.9027119572468918,-1.3453201470187954
2025-01-13,-0.4061678376728855,-1.7391294782994595,-1.2296584969255844,-1.8626828069894112,-1.3170173752280763
2025-01-14,0.6854786413935826,-1.7488273507742484,-1.2365154166889047,-1.8132841273559406,-1.2820898399834908
2025-01-15,1.485360202466251,-1.701927613771727,-1.2033547688887671,-1.8373534162161955,-1.2991081275413032
2025-01-16,0.3915154157434498,-1.7101576642333267,-1.2091738591902712,-2.190098460137695,-1.5485179305023753
2025-01-17,1.193504411836379,-1.6614074859179404,-1.1747048494125931,-2.0887600389218863,-1.4768661919355095
2025-01-20,0.4149552040753221,-1.6583188614382167,-1.1725210250437381,-2.235558303801758,-1.5806604959225667
2025-01-21,0.24595116713366,-1.6185419305469366,-1.1443965859709724,-2.1311049532420445,-1.5068063340267601
2025-01-22,1.0037353920434156,-1.5816303285955873,-1.1182980892569765,-2.021172658349117,-1.4290782624896154
2025-01-23,0.7371734836838671,-1.58055344572567,-1.1175366748897828,-2.1084140271033878,-1.4907626233786067
2025-01-24,-0.0775565678680276,-1.5657303304671921,-1.107055931589222,-2.092902023226877,-1.4797947986081674
2025-01-27,-0.5283875312856885,-1.5387107830757547,-1.0879516518633374,-1.9779370906891853,-1.3985083803699576
2025-01-28,0.6948789475241127,-1.6378269563451637,-1.158032141076051,-1.9342886629409715,-1.3676465838632852
2025-01-29,0.9610396860473208,-1.6102907955497356,-1.1385625877637144,-1.9388792030140405,-1.3708923436970188
2025-01-30,0.4135621402423133,-1.6005383794539945,-1.1316671027136835,-2.028252252524357,-1.434083918043727
2025-01-31,0.0223269500516189,-1.5705003697843551,-1.1104286070859044,-1.9549693868850047,-1.3822689729594777
2025-02-03,-1.4078476198150665,-1.5396005233252847,-1.088580746287613,-1.8579284433491798,-1.3136557832818565
2025-02-04,0.3608290755662542,-2.252700280486638,-1.5927807995271461,-2.1632317214689434,-1.5295216947988592
2025-02-05,0.3723719130293237,-2.1247897416088297,-1.5023411382253185,-2.0614859292908982,-1.45758192295364
2025-02-06,1.455543035538456,-2.0162971040736792,-1.4256309822170297,-1.9768365842446165,-1.3977302628592314
2025-02-07,-0.5283667789478338,-1.967828478128742,-1.3913610451760123,-2.268807588974148,-1.604169536818653
2025-02-10,0.5709115298107819,-1.9791694929928385,-1.3993797553786775,-2.178803191919568,-1.5405315656498548
2025-02-11,0.5737948689934184,-1.8955075058040038,-1.3402262106310932,-2.111368798747957,-1.492851806561662
2025-02-12,0.4987996105058737,-1.8234316035142661,-1.289264653840729,-2.055191042940954,-1.4531310982255363
2025-02-13,2.0733080831344157,-1.7611844513586965,-1.2452525543894795,-1.9936452062370937,-1.4096148666869293
2025-02-14,-0.4370030186266928,-1.8056842754780926,-1.276716334126923,-2.617171202594685,-1.8504814318519416
2025-02-17,1.256518128548749,-1.8190060087381672,-1.2861355192430564,-2.4652953853690107,-1.7430970240436863
2025-02-18,0.2033634480586327,-1.7931204461997787,-1.267833028071351,-2.5500805762130074,-1.8030447344560943
2025-02-19,-1.8149177577375732,-1.7280737370890038,-1.2218414906078372,-2.3831175596086323,-1.6849928616072425
2025-02-20,-0.5317779624667833,-2.7234793000321127,-1.9256469999922436,-2.7361298673087555,-1.9345916344986196
2025-02-21,-0.1214731131559584,-2.6134282674551588,-1.847834974497737,-2.5817296746193565,-1.8254223568591457
2025-02-24,0.6189164907236869,-2.4439823586059797,-1.728027562694558,-2.4064213994039303,-1.701469935323054
2025-02-25,-0.0698549705803801,-2.2992574279987754,-1.6256992180493233,-2.3154772926622313,-1.637167538638026
2025-02-26,1.6982826817615648,-2.169201381491817,-1.5337425669435034,-2.1737181535304044,-1.5369361687915704
2025-02-27,-1.0727581099725654,-2.1187204631287573,-1.498049830449588,-2.523779347976139,-1.784448345179392
2025-02-28,0.0023903980828001,-2.3704431505296575,-1.6760313696585745,-2.5330872040247208,-1.7910295022589044
2025-03-03,2.606756157845153,-2.2299671975421753,-1.5767072817397836,-2.3646975818854834,-1.6719689422251172
2025-03-04,-3.6077803295197537,-2.2591840409720514,-1.5973651684728756,-3.167917364107724,-2.2398887218806642
2025-03-05,3.3222814565563175,-4.8431948757264855,-3.424400428786276,-4.344409694529566,-3.0717323590120316
2025-03-06,1.4557137129561144,-4.609006234664861,-3.2588164076089314,-4.968744672169902,-3.513170917648832
2025-03-07,-1.7685362402572171,-4.223288670142878,-2.9860932512562055,-4.691812834300899,-3.3173651471447214
2025-03-10,-1.7006378789645302,-4.400135890493589,-3.1111337901438323,-4.548696193665962,-3.2161739503970956
2025-03-11,-1.3000473007488484,-4.498749336240338,-3.1808588238383737,-4.407002063135335,-3.1159885451437517
2025-03-12,1.5449223485616206,-4.3789656634420835,-3.0961652959054495,-4.176470178089638,-2.9529900480244353
2025-03-13,-0.4830290364783129,-4.030306683260911,-2.8496445607567327,-4.0484488915032575,-2.8624720821095466
2025-03-14,1.8426128178967511,-3.7236405280277385,-2.632815021491664,-3.7189775735315433,-2.62951806074862
2025-03-17,0.727116095993639,-3.4811722002483623,-2.461376814498137,-3.776607548876792,-2.67026556675386
2025-03-18,0.971867954776804,-3.2077951195667818,-2.2680844493698555,-3.51460031197062,-2.485012295426012
2025-03-19,-0.3970055943892293,-2.9782833601392507,-2.105807236174457,-3.3368458581132447,-2.359330293436249
2025-03-20,-1.2483530648457055,-2.792854082188674,-1.9746987189215273,-3.086739236869222,-2.182491400307496
2025-03-21,-0.468376359342871,-2.9866466427864893,-2.111720528829023,-3.0530766502341193,-2.1586901329488275
2025-03-24,-0.1705983334626728,-2.8163949892172924,-1.9913434119787579,-2.845443145249799,-2.011882027608641
2025-03-25,1.1188767921674332,-2.618175469668155,-1.8511915029280082,-2.6339908725479124,-1.8623738471847515
2025-03-26,-1.1785412954611896,-2.4741248509412976,-1.7493399332116057,-2.6382671067082426,-1.8653973757579287
2025-03-27,-0.7042951652534196,-2.7034333273919864,-1.9114734143600964,-2.66252832193942,-1.8825513656287285
2025-03-28,-0.9624330075722682,-2.6497598277649295,-1.8735233504346214,-2.5488929678800782,-1.8022050312046527
2025-03-31,-1.335725099134046,-2.7168955972979254,-1.9209919664772914,-2.5191789121604007,-1.7811955885209778
2025-04-01,1.6844291067936223,-2.982800854175231,-2.1090013485136865,-2.627582389425462,-1.857842703401466
2025-04-02,-0.6638702418994303,-2.8301215487844793,-2.0010488311645975,-2.858712933826635,-2.021264485027434
2025-04-03,-3.053858879899945,-2.739881895102967,-1.9372445208509137,-2.709176450949642,-1.9155341129852903
2025-04-04,-5.079904634021626,-4.443540859319344,-3.141823448039557,-3.6878214294875002,-2.6074889837113795
2025-04-07,-4.215679015036202,-7.480421529032156,-5.289062147778512,-5.745014543680568,-4.062035654473251
2025-04-08,2.4490473209217876,-8.527908924606503,-6.0296923265331825,-6.49475524668255,-4.592142835934413
2025-04-09,-3.050857432892815,-7.714835210664934,-5.454805284797389,-6.26978909338323,-4.433079611846195
2025-04-10,4.434082340157803,-7.8874759663435485,-5.5768716259092885,-6.309070372069858,-4.460853598032862
2025-04-11,-0.9215769469908788,-7.315730401174539,-5.17261662301149,-7.015487748718425,-4.960328847236946
2025-04-14,2.8104705250541526,-6.686205160814844,-4.727508268230255,-6.3681409769642014,-4.5026197069587415
2025-04-15,1.4161788652361234,-6.1298738359699225,-4.334151965989698,-6.296673173338134,-4.452088108775878
2025-04-16,0.2693326719099483,-5.556342435217454,-3.928634280855349,-5.819040597899421,-4.114376074033671
2025-04-17,-0.4946758717852925,-5.01544536557105,-3.5461908308695484,-5.2503799850720565,-3.7123022991047203
2025-04-22,0.4125708579375617,-4.568300932699001,-3.2300355600315656,-4.756365644603599,-3.3630074714682427
2025-04-23,3.0909115511265095,-4.14083512527798,-2.927794140517253,-4.314270423132534,-3.050422265872362
2025-04-24,0.4658071542978405,-3.965118466363603,-2.803552969643239,-4.849051296913222,-3.4285412349560893
2025-04-25,0.80321653239071,-3.6014003356086346,-2.5463846014743186,-4.406676628593626,-3.115758445341294
2025-04-28,0.1312873662841507,-3.2869998322009195,-2.324086460204811,-4.056977378867726,-2.8685021834243125
2025-04-29,0.6897959282653499,-2.994813075849197,-2.1174946381926056,-3.6754648450082734,-2.598752210925079
2025-04-30,0.3167675808945159,-2.7496847525285726,-1.9441756706462312,-3.39600533595039,-2.4011592403340143
2025-05-02,2.5873446492770955,-2.520198307640967,-1.7819163561981675,-3.098329800895776,-2.1906865552498114
2025-05-05,1.1108538327539232,-2.6178282643452317,-1.850946010007074,-3.7306061699741075,-2.6377401066637405
2025-05-06,-0.4072988678040122,-2.468464000420799,-1.7453374060684497,-3.545523777019447,-2.506876855843246
2025-05-07,-0.5766766350699066,-2.344073970703124,-1.657386934936922,-3.2524922816085478,-2.299687757679516
2025-05-08,1.0188828880307628,-2.2988355904971054,-1.6254009561460419,-3.0172903522949657,-2.1333872869655486
2025-05-09,0.6259340371946363,-2.1890895358397624,-1.547804566517009,-2.9201123647615908,-2.0646771997779134
2025-05-12,0.2856371756299482,-2.066942980725447,-1.4614403531328666,-2.735421203355886,-1.9340905707986569
2025-05-13,0.3051430496069767,-1.9652818906342746,-1.3895604702390627,-2.5377656224843292,-1.794337396859516
2025-05-14,-0.4730187232063654,-1.8685060392190962,-1.3211347150122335,-2.3591306473998452,-1.6680328187923832
2025-05-15,0.7139835403582895,-1.880547989966559,-1.3296490247522166,-2.232673913800958,-1.578621076363996
2025-05-16,0.3027194616804027,-1.818306544719849,-1.2856409603938441,-2.186594991543652,-1.5460407889329109
2025-05-19,0.7024863931832367,-1.7482483802066444,-1.2361060532189578,-2.061576346126821,-1.4576458525413707
2025-05-20,0.4216250095272731,-1.7087958983956806,-1.208211017174206,-2.0467257522910485,-1.4471456804021434
2025-05-21,0.3583628662661676,-1.661759930057694,-1.1749540464600514,-1.9644486635295417,-1.3889713336612586
2025-05-22,-0.5121642428683503,-1.6208059173202172,-1.1459973469306528,-1.8848741889488456,-1.3327078811538466
2025-05-23,-1.551992283026119,-1.709239602908195,-1.2085247402355108,-1.8534349648505752,-1.3104786512249815
2025-05-26,1.670594646885294,-2.557185511762822,-1.8080683077310873,-2.2938036269880215,-1.621843086095323
2025-05-27,0.8241405467777966,-2.4601901265868857,-1.7394873302751799,-2.6534761493253614,-1.8761509905506184
2025-05-28,-0.7802879366781892,-2.309982475546388,-1.6332824060818487,-2.5636539859177327,-1.8126418684153138
2025-05-29,-0.4375903487121357,-2.372495008231466,-1.677482143904537,-2.4775571744874685,-1.7517667713886422
2025-05-30,0.2680954954619805,-2.2816482706870262,-1.613248592502303,-2.3298988246393644,-1.6473643408633014
2025-06-02,-0.2787947776205526,-2.1400130098085595,-1.5131048112734453,-2.182311260158103,-1.543011959416469
2025-06-03,0.6703129923146394,-2.048030180012903,-1.4480679812726758,-2.05912209867563,-1.455910567003651
2025-06-04,0.764397318657241,-1.9563236904290469,-1.3832265387308176,-2.0378510126512013,-1.440870760022546
2025-06-05,0.1938253721926801,-1.885008918509271,-1.3328031422317774,-2.0496991600270786,-1.4492480403086694
2025-06-06,-0.0786342250720146,-1.8044434756557919,-1.275839021618847,-1.9389845148584088,-1.370966804860417
2025-06-09,-0.5368985534032307,-1.7381055600380542,-1.228934531398,-1.8384641830206403,-1.2998934996807738
2025-06-10,-0.7755540207321172,-1.8093999352251264,-1.2793435063050935,-1.822957870219066,-1.2889296988077725
2025-06-11,-0.1612975337591748,-1.9917217464098136,-1.4082548766749015,-1.8845362985470804,-1.332468974385406
2025-06-12,-0.7437162185494022,-1.902346957823842,-1.3450620727077527,-1.7971046613239638,-1.2706500834097634
2025-06-13,-1.0794406908492782,-2.040160471617995,-1.4425036722796571,-1.8523679310545682,-1.3097242006851346
2025-06-16,0.7747039387988303,-2.357347853191875,-1.666772286972611,-2.0310179900985847,-1.4360394439265616
2025-06-17,-1.1222167382693211,-2.2200473727382892,-1.5696934296889062,-2.046507433742399,-1.446991317393677
2025-06-18,-0.4998243286120008,-2.5126074809122,-1.77654923160958,-2.1929838102768824,-1.550558028930657
2025-06-19,-1.1231540714336596,-2.4147869561204947,-1.707384835867489,-2.1028984207016443,-1.4868627916741655
2025-06-20,1.2634642893824024,-2.6524025622744767,-1.875391906505536,-2.235726952661572,-1.580779739777642
2025-06-23,-0.3498149610174439,-2.5022396908843314,-1.7692186439442068,-2.399757114852173,-1.6967579261096795
2025-06-24,1.5884607191807292,-2.362835678427943,-1.6706524758920538,-2.247604974755531,-1.5891781431034187
2025-06-25,-0.6077671360566833,-2.2886764960903636,-1.618217927559502,-2.5716162456097504,-1.8182716161754353
2025-06-26,0.6404191106162287,-2.273699270786765,-1.6076282201313083,-2.441780469722769,-1.7264707082979704
2025-06-27,1.610351996933783,-2.1451954610166513,-1.5167690842574004,-2.340189372443642,-1.6546403141036157
2025-06-30,-0.5156625165165041,-2.11112557294454,-1.4926798327784707,-2.6490199643223797,-1.8730002270099149
2025-07-01,-0.9933075256939016,-2.094131766180263,-1.480664293312578,-2.4864888360897797,-1.7580819386708881
2025-07-02,0.4922553050991216,-2.3359911349333213,-1.6516719333757328,-2.481365578171997,-1.7544595185410756
2025-07-03,0.6035587821723482,-2.1909577197518213,-1.5491254734707163,-2.3420661928702495,-1.6559673275396931
2025-07-04,-0.6147411813176498,-2.0734316859996422,-1.466028218311405,-2.2496503940053194,-1.5906243650159682
2025-07-07,1.1960611051048056,-2.105330829632457,-1.4885826361981602,-2.1750719097856237,-1.5378933476001455
2025-07-08,0.5519427165647628,-2.0364450638151093,-1.4398766782396106,-2.3223274595908747,-1.6420109767340794
2025-07-09,1.405581769985275,-1.9413314448562327,-1.372626211160824,-2.221777999559529,-1.5709170763479379
2025-07-10,-0.3785226641882228,-1.922342053260701,-1.3591996854085695,-2.4561838551857234,-1.736654679957363
2025-07-11,-0.8273142075439126,-1.8924932047585226,-1.338094936945541,-2.3023125037132086,-1.6278593216286597
2025-07-14,-0.3910696381534617,-2.083536659169656,-1.4731729802597002,-2.2790596121688873,-1.6114182710787475
2025-07-15,-0.4162163940895754,-2.0295128740887765,-1.4349752455943425,-2.1556242035782085,-1.5241427686570272
2025-07-16,-0.2118101590479912,-1.9928909004504252,-1.409081531744689,-2.057073469863058,-1.4544620757568185
2025-07-17,1.4946392641384505,-1.9117917264117257,-1.3517400343491959,-1.9455810542460066,-1.3756309145828258
2025-07-18,-0.334645550979709,-1.906311175311717,-1.3478649886369294,-2.308969875409969,-1.632566443080087
2025-07-21,0.0752758384481683,-1.8677838145185681,-1.3206240631310622,-2.1735827885567756,-1.5368404584421766
2025-07-22,-1.099916090184699,-1.7883881167720754,-1.2644870155037784,-2.037035505044158,-1.440294152086897
2025-07-23,0.8239844169913363,-2.203630589037945,-1.5580858767026522,-2.1750697644744412,-1.53789183074924
2025-07-24,0.2270831841100534,-2.0934392538589797,-1.4801746496887318,-2.176137078950501,-1.5386464797450479
2025-07-25,-0.3233321425960863,-1.9806489124757731,-1.4004257848781525,-2.04911773130516,-1.4488369387908206
2025-07-28,-1.0257471285291986,-1.9263732030009078,-1.3620499260561327,-1.953378120661196,-1.3811438617717295
2025-07-29,1.0252067765996018,-2.2391150944523743,-1.5831753390667314,-2.0809208617563786,-1.4713234701711142
2025-07-30,0.1850328166601031,-2.1359855200111006,-1.5102571584031317,-2.1770803108668697,-1.539313395667644
2025-07-31,-0.8142374745783153,-2.0163203296252754,-1.4256474039367593,-2.046144830243336,-1.4467349371303317
2025-08-01,-2.693279618665826,-2.165296464826389,-1.5309815798994995,-2.0713789469455435,-1.4645768209017587
2025-08-04,1.4060978493706018,-3.949418423711464,-2.792452191299711,-3.1806774116656285,-2.24891076486052
2025-08-05,0.3713192460353557,-3.6232488082691794,-2.5618326520002372,-3.186606770115271,-2.2531031416156138
2025-08-06,0.3277723608663236,-3.3007501966878183,-2.333808710754938,-2.927614217355736,-2.069981414846531
2025-08-07,1.1145507176971277,-3.0226162983136735,-2.1371530185328584,-2.701266636522712,-1.9099414468609197
2025-08-08,-0.1225950095107637,-2.809916404101644,-1.9867627022990495,-2.695966955145714,-1.906194285814236
2025-08-11,-0.3379457433411005,-2.6008498351225966,-1.8389413432938875,-2.4882567217148686,-1.759331929317133
2025-08-12,-0.2351491824661777,-2.451046933494215,-1.7330225988013466,-2.328461331685942,-1.6463479556852554
2025-08-13,0.6671226383482204,-2.304192991427622,-1.629188928035339,-2.1816425643541604,-1.5425391553570609
2025-08-14,0.7903580923874695,-2.1736184618668375,-1.5368656813996266,-2.1361710260198974,-1.510388321173238
2025-08-15,-0.0746836858561638,-2.0690466020727594,-1.4629277270727103,-2.135268466899604,-1.5097501631147985
2025-08-18,-0.1829773517545559,-1.9593559787731207,-1.3853705304082313,-2.0066305148790113,-1.4187961814228214
2025-08-19,0.4444224850851861,-1.8790363784566162,-1.3285802337504857,-1.903799510037433,-1.3460891055963082
2025-08-20,-0.5999996904570855,-1.8050165567604852,-1.2762442209203406,-1.8547801604142797,-1.311429777162168
2025-08-21,0.0674038978151058,-1.890023095954036,-1.3363484365741383,-1.8519301481658021,-1.309414664531733
2025-08-22,0.2867043399047512,-1.805886364319621,-1.2768592218556518,-1.7652170244973657,-1.2481038014566541
2025-08-25,-0.3699745832630883,-1.7376863643611955,-1.2286381374075837,-1.7107724531444208,-1.2096085481641377
2025-08-26,-0.4966351805227189,-1.7436733813125058,-1.2328712818383336,-1.6823108733214311,-1.1894846736039257
2025-08-27,-0.4425743273387093,-1.8005242675621798,-1.2730679297630285,-1.6887173985517856,-1.194014433051725
2025-08-28,-0.0261656138618821,-1.8168267486882594,-1.2845946646541273,-1.678478875354506,-1.1867752440191666
2025-08-29,-0.5744816120578837,-1.7447347912448645,-1.2336217560027543,-1.6181573148972972,-1.144124641927972
2025-09-01,0.5637079353084632,-1.8304117998688743,-1.2942000297657268,-1.6575471664213144,-1.1719753949762766
2025-09-02,-2.314691170999559,-1.7696478458246019,-1.2512366315083434,-1.6846384129515721,-1.191130369866824
2025-09-03,0.4565251734266602,-3.3474285635295566,-2.3668128378919686,-2.6923710467613087,-1.9036517843189626
2025-09-04,0.7411785726828213,-3.0374242237027613,-2.147623021775134,-2.4978400787815733,-1.7661078805002894
2025-09-05,-0.731941000191114,-2.8111121022904286,-1.9876081255156322,-2.4163831336417148,-1.7085134196078378
2025-09-08,0.8866394135323415,-2.7447893446981073,-1.9407143528376607,-2.344990310918588,-1.6580348369741653
2025-09-09,-0.373195838558622,-2.566767682669644,-1.814843420235125,-2.332905730133459,-1.6494903854944813
2025-09-10,-0.361130170351862,-2.4329564614478536,-1.7202316577341208,-2.2056502630244963,-1.5595138953232155
2025-09-11,0.2987169548793461,-2.3163125802401483,-1.6377581320816876,-2.0956959353730373,-1.4817702454354782
2025-09-12,-0.0232058695409657,-2.1762121008086526,-1.5386995242517865,-1.994137224162314,-1.4099627499411296
2025-09-15,0.2137500505618626,-2.053594952081553,-1.4520025757597756,-1.8891343269527416,-1.3357200288748365
2025-09-16,-1.7826983544726012,-1.9499210848222535,-1.378699550668632,-1.8099656245424702,-1.2797434792135927
2025-09-17,0.1282521759312154,-2.8452026467714275,-2.011711982191599,-2.371016650744181,-1.6764368652933603
2025-09-18,1.3409715784568172,-2.633027844817856,-1.8616929345524174,-2.2162788377208997,-1.5670288718380292
2025-09-19,-0.1484515873356314,-2.502016950772211,-1.7690611546514932,-2.408374104320617,-1.7028506031932462
2025-09-22,-0.476438491704228,-2.343312401863516,-1.65684846462387,-2.249388200597005,-1.5904389801113967
2025-09-23,0.3575828661992708,-2.272649960384769,-1.606886300988526,-2.1523785027599858,-1.5218478828308677
2025-09-24,0.2346982917839857,-2.142520784474965,-1.514877943444108,-2.051148887748021,-1.4502730761283305
2025-09-25,-0.5592212938052807,-2.0283265994422717,-1.4341364853312548,-1.9508251061914832,-1.3793387426160668
2025-09-26,0.8657638499056634,-2.0419881859157156,-1.4437959650296728,-1.9214376719203305,-1.358560238942091
2025-09-29,0.0235438515603742,-1.9697511688429863,-1.3927204913835725,-1.9893885507786526,-1.4066051813137188
2025-09-30,0.5696936390096524,-1.8794576289477132,-1.3288780806055789,-1.8870926530805507,-1.334276455146591
2025-10-01,0.9705322184976148,-1.8169449464321148,-1.2846782368446183,-1.872178367988749,-1.323731249848457
2025-10-02,1.2730527233266695,-1.7920128335231527,-1.267049886070649,-1.9920108921271407,-1.4084593183180323
2025-10-03,-0.1793383469744079,-1.8014794049030922,-1.2737432634639627,-2.2134971466975606,-1.5650620660047943
2025-10-06,-0.0020990537034085,-1.7525244348867624,-1.2391294548899288,-2.084470948604226,-1.4738335733645507
2025-10-07,0.0307203015905421,-1.6977354889415743,-1.2003907101559979,-1.9684509239399597,-1.3918011479919268
2025-10-08,0.8629657709361379,-1.6521515090684642,-1.1681603737296016,-1.8700736757699334,-1.322243118744607
2025-10-09,0.057385107032103,-1.6502908465842956,-1.166844784831755,-1.9499687312582878,-1.3787332392729876
2025-10-10,-1.513922639009187,-1.612810145266701,-1.1403439041204602,-1.8545533158542378,-1.3112693858030324
2025-10-13,0.6023895879857175,-2.4117707125734,-1.7052521887283534,-2.2396522807619044,-1.5835551588088426
2025-10-14,-0.6210431918657053,-2.269541695416302,-1.6046885897330603,-2.16977782483921,-1.5341501435322293
2025-10-15,-0.2295426606748147,-2.260741816001032,-1.598466599576532,-2.1155404656827517,-1.4958014004571838
2025-10-16,0.3748761556244508,-2.146133309071291,-1.517432193498893,-2.0051372305364574,-1.417740348718552
2025-10-17,-1.8344383639989097,-2.035875445853481,-1.4394739275673591,-1.9300047254351513,-1.3646176086086763
2025-10-20,1.7792626004300716,-2.9292962360923167,-2.071170692963677,-2.4725931496499896,-1.748256937649107
2025-10-21,0.2931890582000801,-2.7987690147355235,-1.9788808957839927,-2.8149079528068497,-1.9902919969000332
2025-10-22,-0.7380155463410325,-2.5944136449868354,-1.834390609155331,-2.6101821199794464,-1.8455397728606016
2025-10-23,0.2343237985515984,-2.5744989039732955,-1.8203098113729157,-2.510716737290421,-1.7752123737223215
2025-10-24,0.1325205558038868,-2.400877472441604,-1.6975500794522738,-2.3413653186365257,-1.655471771592003
2025-10-27,0.2837924014007188,-2.247884252133634,-1.5893756072975849,-2.1892910626650184,-1.5479470568698703
2025-10-28,-0.1240998080461127,-2.118383795895044,-1.4978117885270412,-2.0718396949711373,-1.4649025946475798
2025-10-29,-0.6380635518243274,-2.010746384699057,-1.421706323743799,-1.9581050415360903,-1.3844860502002716
2025-10-30,-0.0220562623432309,-2.0635196091703683,-1.4590198444971598,-1.947597249194083,-1.3770564733352337
2025-10-31,-0.668052506000773,-1.9582348252048878,-1.3845778142656218,-1.8492365286080938,-1.3075101299827243
2025-11-03,0.7240905044998491,-2.037102329391369,-1.4403414005105335,-1.8693562978507332,-1.3217358937996802
2025-11-04,-0.7624620479950994,-1.9558544497069146,-1.3828947601897295,-1.9028121894985717,-1.34539101663574
2025-11-05,0.4193059110072529,-2.0838770352444276,-1.4734136445332437,-1.9417044575555886,-1.3728899512911295
2025-11-06,-1.3214753262529837,-1.9815586679975326,-1.401069031181211,-1.8837440110906625,-1.3319087843507087
2025-11-07,-0.6936382516165417,-2.478392125380911,-1.752357126778191,-2.1668436858792988,-1.5320755487718996
2025-11-10,1.6412306017568754,-2.460778400605787,-1.7399032717878096,-2.1318500523907997,-1.5073331593786106
2025-11-11,0.533093907948526,-2.3856910614012885,-1.6868124664070459,-2.5092435524293117,-1.7741707524372998
2025-11-12,1.21067411168836,-2.2412536506208336,-1.5846874138124654,-2.377689604443475,-1.6811550040623902
2025-11-13,-1.4036586524749568,-2.160758763780421,-1.5277731801125332,-2.4784590155525783,-1.7524044217432744
2025-11-14,-0.6889620892599025,-2.662076287010849,-1.8822317525132244,-2.6391203576505506,-1.8660006702706784
2025-11-17,-1.205192190081831,-2.6070586130442006,-1.8433312847111818,-2.5194757851413527,-1.781405493756954
2025-11-18,-1.7532244688982477,-2.832118941981011,-2.0024610960629063,-2.5858386244379448,-1.8283276063652425
2025-11-19,-0.0759951024118566,-3.3791891938901792,-2.3892693194121604,-2.888375705378109,-2.0422376670335827
2025-11-20,0.4992485405477528,-3.093816886509428,-2.1874956809702857,-2.653631859917598,-1.8762610863515314
2025-11-21,-0.806463592533267,-2.8493102333760074,-2.014616267831745,-2.4937957064145193,-1.7632482907411982
2025-11-24,0.6359063608913116,-2.8063705000423025,-1.98425555656306,-2.4300702376252237,-1.7181909415644447
2025-11-25,0.9654583659999064,-2.6095130757342218,-1.8450667224343826,-2.3349350490591627,-1.6509252236080896
2025-11-26,1.1086577777904192,-2.4583123443684376,-1.738159636800311,-2.3512678634375015,-1.6624734057472774
2025-11-27,0.1757699308821973,-2.340138513023126,-1.6546043537456512,-2.413938477824935,-1.7067849158738309
2025-11-28,0.2891651482665416,-2.2014862110910087,-1.5565696856450153,-2.2564881471967317,-1.595459025929152
2025-12-01,-1.0431015068007223,-2.083199790301424,-1.4729347957706556,-2.132613932431887,-1.50787326383597
2025-12-02,0.5134013593271904,-2.330454491574212,-1.6477572274059205,-2.216523474433991,-1.5672018432105843
2025-12-03,-0.0723493036007851,-2.1993273373910984,-1.555043245306899,-2.1323952426502255,-1.5077186383457082
2025-12-04,0.7916612205380837,-2.07896102711546,-1.4699377612007096,-2.011130476037968,-1.4219778970707881
2025-12-05,0.6099405672806939,-1.9960298390170315,-1.4113009308911684,-2.033112261014495,-1.4375202066062507
2025-12-08,0.0743399157457514,-1.9164712525730379,-1.355048712154755,-2.0004417782779287,-1.4144204103018598
2025-12-09,0.4838999973275981,-1.8345758360013722,-1.2971442282717736,-1.8977297221529728,-1.3417974376441553
2025-12-10,-0.1346361220883762,-1.775096246686982,-1.2550889452657028,-1.8602547229741109,-1.3153005886530003
2025-12-11,0.6792781889744524,-1.7226282796986614,-1.2179912580442283,-1.7812485634301976,-1.2594389655795841
2025-12-12,-0.4460266814879258,-1.689761926926782,-1.1947529710430713,-1.8152279410659202,-1.283464221290197
2025-12-15,0.1793604364013196,-1.729303967618464,-1.2227113300548733,-1.7840218103314744,-1.261399800962331
2025-12-16,-0.6336233956172952,-1.6783657231784317,-1.1866952393176815,-1.7198809315238035,-1.216048734460228
2025-12-17,-0.4841202113467079,-1.7992842381815668,-1.2721911619988484,-1.7504615815131213,-1.2376709061099438
2025-12-18,0.9921580995265988,-1.826394102555713,-1.2913593007108466,-1.7364593165618372,-1.2277705483226755
2025-12-19,0.3666914406423401,-1.7965276129016412,-1.2702420790003734,-1.8822814650184614,-1.3308746852642015
2025-12-22,-0.0182395358206077,-1.7381023885775566,-1.2289322890040915,-1.824044259856495,-1.2896978349731965
2025-12-23,0.2307084262118745,-1.6836068897710768,-1.1904010272505905,-1.7465405162401728,-1.2348985011280011
2025-12-29,0.04542339705513,-1.6395089096139832,-1.1592213729039524,-1.6919598140382832,-1.1963069959708663
2025-12-30,0.5703809658082111,-1.599496298987662,-1.13093029552601,-1.6340245609624293,-1.1553436421175824
2026-01-02,0.1995918957098488,-1.5812657821040492,-1.118040335192982,-1.659055632801278,-1.1730419622011978
2026-01-05,1.333202284494967,-1.5519688535006473,-1.0973258239156383,-1.6149569014468863,-1.141861776717487
2026-01-06,0.0944909466117334,-1.6155725806308263,-1.1422970951623521,-1.9422586893327078,-1.3732818230997006
2026-01-07,0.9199826377290764,-1.5810346764433403,-1.1178769310054708,-1.8502088643824603,-1.308197623905249
2026-01-08,0.0207012967268107,-1.5945000904711153,-1.1273977061866636,-1.932998690419801,-1.3667345036005731
2026-01-09,0.532575499429152,-1.5630939839828062,-1.1051918921972068,-1.84234040493249,-1.3026341979837754
2026-01-12,0.5672317659987626,-1.5514116489559837,-1.0969318501998104,-1.8202969884483222,-1.2870483116427935
2026-01-13,0.0602853380710388,-1.5438963877077476,-1.091618154488353,-1.809193654021598,-1.2791976543499401
2026-01-14,-0.5301851847140702,-1.5210228498424025,-1.0754453274839064,-1.742873138661245,-1.2323054670511062
2026-01-15,0.261264679279434,-1.6193036845640536,-1.1449351872145273,-1.7382303656795817,-1.2290227757291343
2026-01-16,-0.2182045789627015,-1.586165977768248,-1.1215050382586629,-1.6953872965950527,-1.1987304113068638
2026-01-19,-1.3454080088348688,-1.5751167173026306,-1.113692614177636,-1.6556624931509525,-1.170642829155418
2026-01-20,-1.030738778841122,-2.1714424921739894,-1.535327153270899,-1.9250236241565681,-1.3610957009027325
2026-01-21,-0.5770492809973697,-2.362303442797103,-1.6702761565472346,-2.0157034648383383,-1.4252112472065237
2026-01-22,1.195908526658312,-2.313843922701339,-1.6360126578335226,-1.9801420378606454,-1.4000673971415607
2026-01-23,0.1778245655166352,-2.227567892711086,-1.5750108436027286,-2.117030866953528,-1.4968551946739495
2026-01-26,0.1299084196387352,-2.10649116663534,-1.4894030571459365,-2.0251700132427226,-1.4319046083548785
2026-01-27,-0.1550975569702261,-2.00252552154667,-1.4158937293662486,-1.9414902995467571,-1.3727385300090855
2026-01-28,-0.2882318357990902,-1.9201670264269612,-1.3576618239321692,-1.8679533281708434,-1.3207439184411274
2026-01-29,-2.089653147307712,-1.869072368699959,-1.321535140550925,-1.8126984077202517,-1.281675704557792
2026-01-30,0.9390354570050492,-2.8943068042776603,-2.046431274380789,-2.382978164522697,-1.684894301750723
2026-02-02,1.0487661131938508,-2.7361484752816567,-1.934604791340749,-2.385958890066619,-1.68700183574277
2026-02-03,-0.0674910857575207,-2.5959883709478397,-1.8355040254836952,-2.4119695376574746,-1.705392768804239
2026-02-04,-0.719874397592381,-2.4437372860355064,-1.7278542831472867,-2.2724005817162825,-1.6067099767973243
2026-02-05,-0.4561799104390222,-2.4306427901987195,-1.718595767165828,-2.2264320338640418,-1.574207730033553
2026-02-06,0.9363554927005032,-2.3399632345350905,-1.6544804223852607,-2.141258016542367,-1.5139850982952332
2026-02-09,1.1798683433608268,-2.235709463698081,-1.5807673741356196,-2.167738272605485,-1.5327080699169995
2026-02-10,-0.1080722590901723,-2.1690425558823963,-1.5336302686571535,-2.259232055084728,-1.597399117044481
2026-02-11,-0.5284468551142988,-2.0585218451131286,-1.4554861553065062,-2.1437094594504402,-1.5157184008694544
2026-02-12,-0.0139248371777333,-2.0443921395100086,-1.4454956900934601,-2.0808367414501987,-1.4712639925700794
2026-02-13,0.2499275662125909,-1.9465390225896837,-1.3763082499556585,-1.9813449573485158,-1.4009179262067246
2026-02-16,-0.4584897492227233,-1.863978621502307,-1.3179335860945494,-1.9057668955666935,-1.3474801534527043
2026-02-17,0.2999419255882924,-1.8636127312661235,-1.3176748819304953,-1.8649008197147965,-1.3185856300521654
