Date,^GDAXI
2014-01-03,0.3728169604745994
2014-01-06,-0.07581332724821584
2014-01-07,0.8260252785982982
2014-01-08,-0.08798499776524114
2014-01-09,-0.8058363632248698
2014-01-10,0.5464982226339175
2014-01-13,0.38907376264148835
2014-01-14,0.31851744817863903
2014-01-15,2.005842928142499
2014-01-16,-0.16553578783902922
2014-01-17,0.25949789262800105
2014-01-20,-0.27812099235054216
2014-01-21,0.14624821660842668
2014-01-22,-0.1029269707089081
2014-01-23,-0.9205751568199287
2014-01-24,-2.5130877235140696
2014-01-27,-0.4567454532208973
2014-01-28,0.6151654096946622
2014-01-29,-0.7488408133184947
2014-01-30,0.39283413086935043
2014-01-31,-0.7173493299767537
2014-02-03,-1.2973840929307947
2014-02-04,-0.640037130027719
2014-02-05,-0.12705216949439163
2014-02-06,1.5268410263255348
2014-02-07,0.48861636399311875
2014-02-10,-0.12973014769409524
2014-02-11,2.0130990972851324
2014-02-12,0.6438973899176714
2014-02-13,0.5933049220897334
2014-02-14,0.6815570317732863
2014-02-17,-0.05839410320802615
2014-02-18,0.03127379780241056
2014-02-19,0.0027902031118017135
2014-02-20,-0.4274129673967999
2014-02-21,0.3953209303144153
2014-02-24,0.5369271187594843
2014-02-25,-0.09883221112085634
2014-02-26,-0.3886062948478435
2014-02-27,-0.762602758266604
2014-02-28,1.0762323060906445
2014-03-03,-3.498240906217182
2014-03-04,2.4305635560482743
2014-03-05,-0.49271377459770577
2014-03-06,0.00891371083335638
2014-03-07,-2.033773708450322
2014-03-10,-0.9158729165449371
2014-03-11,0.4553863322718763
2014-03-12,-1.287826142100112
2014-03-13,-1.8774129423990666
2014-03-14,0.4273514240907263
2014-03-17,1.365129999071235
2014-03-18,0.6693688942582495
2014-03-19,0.3725786802842246
2014-03-20,0.20535341335749688
2014-03-21,0.5023902450379271
2014-03-24,-1.6638988595602255
2014-03-25,1.615293792123696
2014-03-26,1.172950074668998
2014-03-27,0.02782975709295031
2014-03-28,1.4285105717713025
2014-03-31,-0.3268049617866343
2014-04-01,0.49896504801447805
2014-04-02,0.20440344938002947
2014-04-03,0.05672044304128321
2014-04-04,0.6928942569559569
2014-04-07,-1.9256448485582816
2014-04-08,-0.21113522975327986
2014-04-09,0.16380964797621694
2014-04-10,-0.5464901722944706
2014-04-11,-1.4837913207196933
2014-04-14,0.2560234486175722
2014-04-15,-1.7875594487879147
2014-04-16,1.558694895333988
2014-04-17,0.9813401396860087
2014-04-22,2.003032646128499
2014-04-23,-0.5839819740181085
2014-04-24,0.04702549032885715
2014-04-25,-1.5528343792042612
2014-04-28,0.4754970809292032
2014-04-29,1.4478055055765577
2014-04-30,0.19919746393336915
2014-05-02,-0.492827569497873
2014-05-05,-0.27790229418731915
2014-05-06,-0.6524171987012989
2014-05-07,0.5663295183623571
2014-05-08,0.9002301937285265
2014-05-09,-0.2704717618823672
2014-05-12,1.2550499669950959
2014-05-13,0.5342051180021767
2014-05-14,-0.0004104714058827276
2014-05-15,-1.0132762361089733
2014-05-16,-0.2794918750949287
2014-05-19,0.3140739905201595
2014-05-20,-0.21047863481501428
2014-05-21,0.6080609362857823
2014-05-22,0.2372965711496227
2014-05-23,0.4833485001850035
2014-05-26,1.2696536516253734
2014-05-27,0.48402705907999594
2014-05-28,-0.016603535608763192
2014-05-29,-0.002711845222195188
2014-05-30,0.04395034055636258
2014-06-02,0.06887299077092887
2014-06-03,-0.3057888273766584
2014-06-04,0.06983316103070503
2014-06-05,0.21293782732099048
2014-06-06,0.3948870049513328
2014-06-09,0.2144394278962643
2014-06-10,0.20132251493413328
2014-06-11,-0.7907521939053681
2014-06-12,-0.1117165266412284
2014-06-13,-0.2602322364965123
2014-06-16,-0.29186126166527493
2014-06-17,0.36698982647526074
2014-06-18,0.10085076585831486
2014-06-19,0.7391295014772574
2014-06-20,-0.16767113350637478
2014-06-23,-0.666265062308485
2014-06-24,0.17281998611193158
2014-06-25,-0.7101986986423111
2014-06-26,-0.6389563373969788
2014-06-27,0.10468394887758543
2014-06-30,0.1822086391851281
2014-07-01,0.702695119905599
2014-07-02,0.08942685790972936
2014-07-03,1.1851293472488182
2014-07-04,-0.2031050872392779
2014-07-07,-1.034495670504411
2014-07-08,-1.3558025818957
2014-07-09,0.3629084123439848
2014-07-10,-1.5315220491778982
2014-07-11,0.07461615550908629
2014-07-14,1.1997452219176783
2014-07-15,-0.6522250581099138
2014-07-16,1.4287148700806658
2014-07-17,-1.0746939265796702
2014-07-18,-0.34775146944753693
2014-07-21,-1.1170128485998518
2014-07-22,1.2641321277687392
2014-07-23,0.1973481867496259
2014-07-24,0.41437330714441295
2014-07-25,-1.5439062658938267
2014-07-28,-0.4764525766916727
2014-07-29,0.5761551119205655
2014-07-30,-0.6229482511783737
2014-07-31,-1.9599348423146927
2014-08-01,-2.12066224245534
2014-08-04,-0.6092347352332456
2014-08-05,0.38814722796857465
2014-08-06,-0.651758981329201
2014-08-07,-1.002488042814987
2014-08-08,-0.32855678482930323
2014-08-11,1.8848205174056463
2014-08-12,-1.2194039063015016
2014-08-13,1.4167926903082873
2014-08-14,0.2846262858095342
2014-08-15,-1.4467134699417863
2014-08-18,1.6657714689398866
2014-08-19,0.9575106606392233
2014-08-20,-0.21137997953914361
2014-08-21,0.9292596639320176
2014-08-22,-0.6655096242474658
2014-08-25,1.8141185997420077
2014-08-26,0.8169440918079489
2014-08-27,-0.19251038523258726
2014-08-28,-1.1259983740261748
2014-08-29,0.08039360595659663
2014-09-01,0.09351689904485543
2014-09-02,0.29484045787851576
2014-09-03,1.248827395238344
2014-09-04,1.0105072227801501
2014-09-05,0.23377792125071403
2014-09-08,0.11290146364503523
2014-09-09,-0.4862173365034526
2014-09-10,-0.10849873711939756
2014-09-11,-0.09168627380324415
2014-09-12,-0.4151545538301337
2014-09-15,0.08803382831250954
2014-09-16,-0.2767928460916722
2014-09-17,0.29615110520677457
2014-09-18,1.4042623509135579
2014-09-19,0.01153095217292822
2014-09-22,-0.508674028759441
2014-09-23,-1.5974823835134884
2014-09-24,0.69522482987366
2014-09-25,-1.5852629443418185
2014-09-26,-0.20483573306996383
2014-09-29,-0.7152571443115396
2014-09-30,0.5438874333824752
2014-10-01,-0.9786662337966952
2014-10-02,-2.0062412084431362
2014-10-06,0.1502845788489365
2014-10-07,-1.3478745110708041
2014-10-08,-1.0052312788799211
2014-10-09,0.10765850965274114
2014-10-10,-2.4302875032455455
2014-10-13,0.26839168561153304
2014-10-14,0.14492047608407982
2014-10-15,-2.9117126709072845
2014-10-16,0.12766298073944918
2014-10-17,3.06760168222381
2014-10-20,-1.508561676189047
2014-10-21,1.922273209160778
2014-10-22,0.5966180299744405
2014-10-23,1.1916218771517557
2014-10-24,-0.6599348012283986
2014-10-27,-0.9523548790212597
2014-10-28,1.842820094783974
2014-10-29,0.16108361838065807
2014-10-30,0.3520268556236049
2014-10-31,2.299565683180036
2014-11-03,-0.809215464978686
2014-11-04,-0.9255108134308243
2014-11-05,1.6125351437441482
2014-11-06,0.6626039313485359
2014-11-07,-0.9168094308616527
2014-11-10,0.6440807993244336
2014-11-11,0.18332623643095464
2014-11-12,-1.7015523076497552
2014-11-13,0.4068357004391703
2014-11-14,0.04789531739863679
2014-11-17,0.5755535584808511
2014-11-18,1.6008616192453438
2014-11-19,0.17189763387357795
2014-11-20,0.1178462727976511
2014-11-21,2.5872941703116363
2014-11-24,0.542987197968515
2014-11-25,0.7703085349666435
2014-11-26,0.549632194602642
2014-11-27,0.5963744734985588
2014-11-28,0.059927604199537715
2014-12-01,-0.17388222697848962
2014-12-02,-0.29581179621632764
2014-12-03,0.3788832723897493
2014-12-04,-1.2151648413425724
2014-12-05,2.365091214157853
2014-12-08,-0.717638010246363
2014-12-09,-2.234265512952818
2014-12-10,0.061454322160341364
2014-12-11,0.6387873607813858
2014-12-12,-2.7528717454737
2014-12-15,-2.7549344493298693
2014-12-16,2.4329817537440777
2014-12-17,-0.2036805783174975
2014-12-18,2.75525714272896
2014-12-19,-0.2459393561069994
2014-12-22,0.8019269401493753
2014-12-23,0.5695482932846515
2014-12-29,0.05057655907963592
2014-12-30,-1.2322869328709587
2015-01-02,-0.41715698050281863
2015-01-05,-3.0314408827734116
2015-01-06,-0.036953315103972845
2015-01-07,0.511060102180777
2015-01-08,3.3009209896023446
2015-01-09,-1.9410368265977325
2015-01-12,1.3731316285774768
2015-01-13,1.613384008995992
2015-01-14,-1.2543885465696933
2015-01-15,2.1717088742303874
2015-01-16,1.3382045038882429
2015-01-19,0.7308179785839315
2015-01-20,0.14420147598689473
2015-01-21,0.4096118581476084
2015-01-22,1.3155784749868231
2015-01-23,2.02954966714918
2015-01-26,1.3871037685023675
2015-01-27,-1.5844893193580605
2015-01-28,0.7721817805421066
2015-01-29,0.2508331912133808
2015-01-30,-0.40639676815863246
2015-02-02,1.2423485016507714
2015-02-03,0.5795913431863984
2015-02-04,0.18686240139522123
2015-02-05,-0.05418003768292498
2015-02-06,-0.5426737390559172
2015-02-09,-1.7004662462076177
2015-02-10,0.8434366601663058
2015-02-11,-0.015993037568278533
2015-02-12,1.5461907213427615
2015-02-13,0.3998533726206623
2015-02-16,-0.3670730980762203
2015-02-17,-0.25308726682465493
2015-02-18,0.5982633862668113
2015-02-19,0.372814170652133
2015-02-20,0.44166530847070645
2015-02-23,0.7238501306681207
2015-02-24,0.6699353601901046
2015-02-25,0.04041126841034542
2015-02-26,1.0375787474190419
2015-02-27,0.6552904447296979
2015-03-02,0.0762772918896186
2015-03-03,-1.1458553837730094
2015-03-04,0.9705937592901734
2015-03-05,0.9926520654791975
2015-03-06,0.4073742585335137
2015-03-09,0.26923041553540544
2015-03-10,-0.7081628496875616
2015-03-11,2.6226981531753077
2015-03-12,-0.05592442182501069
2015-03-13,0.8625909197613515
2015-03-16,2.2112806420226043
2015-03-17,-1.5477011890782848
2015-03-18,-0.4859531276852869
2015-03-19,-0.19619663698058265
2015-03-20,1.1694111158377012
2015-03-23,-1.1993376630505328
2015-03-24,0.9191993830063654
2015-03-25,-1.176085392213077
2015-03-26,-0.18255203517504706
2015-03-27,0.20791488995379614
2015-03-30,1.8175051461221918
2015-03-31,-0.9965070692670074
2015-04-01,0.2938138153799364
2015-04-02,-0.2836212106403588
2015-04-07,1.2961907548106786
2015-04-08,-0.7256772714825017
2015-04-09,1.0790820788861537
2015-04-10,1.6975150987284626
2015-04-13,-0.29133940854852747
2015-04-14,-0.90474740906335
2015-04-15,0.030583782353453423
2015-04-16,-1.9189822987072713
2015-04-17,-2.6189094724355084
2015-04-20,1.723577028286268
2015-04-21,0.4000587876355628
2015-04-22,-0.6066311038550631
2015-04-23,-1.21904220511822
2015-04-24,0.7416362530257729
2015-04-27,1.9146115533172863
2015-04-28,-1.9077490574744589
2015-04-29,-3.260779657578051
2015-04-30,0.18927835406300927
2015-05-04,1.4342629571895031
2015-05-05,-2.5465548567929837
2015-05-06,0.19817337374544217
2015-05-07,0.5081215851015367
2015-05-08,2.610795019258733
2015-05-11,-0.31117276773896463
2015-05-12,-1.736339645183075
2015-05-13,-1.059866945457266
2015-05-14,1.818895264727179
2015-05-15,-0.9804987627932513
2015-05-18,1.2781565038276994
2015-05-19,2.209695072129737
2015-05-20,-0.04101251103864216
2015-05-21,0.13595984628538269
2015-05-22,-0.418758352297266
2015-05-26,-1.6201613057116746
2015-05-27,1.2480789379208328
2015-05-28,-0.7979978934664097
2015-05-29,-2.284500530823396
2015-06-01,0.19457002675669133
2015-06-02,-0.9422490843576914
2015-06-03,0.7984800293607486
2015-06-04,-0.6943766471965744
2015-06-05,-1.2729855988087821
2015-06-08,-1.1879580108158359
2015-06-09,-0.5767194211300727
2015-06-10,2.372262038316057
2015-06-11,0.5964272771133665
2015-06-12,-1.2099078095747156
2015-06-15,-1.9072407314937243
2015-06-16,0.5360228370555343
2015-06-17,-0.5994018624100437
2015-06-18,1.1077957694327454
2015-06-19,-0.5438053988285523
2015-06-22,3.737227695572276
2015-06-23,0.7133003878696548
2015-06-24,-0.6194587767191762
2015-06-25,0.016301302586778223
2015-06-26,0.16807610693602942
2015-06-29,-3.625806465042097
2015-06-30,-1.2550500898079087
2015-07-01,2.1291224435546754
2015-07-02,-0.7284676594455852
2015-07-03,-0.36971287654303797
2015-07-06,-1.5286608335353942
2015-07-07,-1.983146019532986
2015-07-08,0.6583226507655586
2015-07-09,2.2914328039838954
2015-07-10,2.8616075379420476
2015-07-13,1.4802895540734107
2015-07-14,0.2827714726772971
2015-07-15,0.19742556979617693
2015-07-16,1.5230463966160135
2015-07-17,-0.3705819615601074
2015-07-20,0.5322703243997098
2015-07-21,-1.1218370245742768
2015-07-22,-0.7275982279223897
2015-07-23,-0.07432511928585808
2015-07-24,-1.440648903070011
2015-07-27,-2.5983585142766645
2015-07-28,1.057212942481752
2015-07-29,0.3389609273708267
2015-07-30,0.40322971765859783
2015-07-31,0.4594488335726991
2015-08-03,1.1843078662861746
2015-08-04,0.10786637880907896
2015-08-05,1.560975775860064
2015-08-06,-0.44097495907951906
2015-08-07,-0.8170423202531476
2015-08-10,0.9867772985018273
2015-08-11,-2.7176450310901505
2015-08-12,-3.3222580867577194
2015-08-13,0.8206303907796543
2015-08-14,-0.26809600888450785
2015-08-17,-0.4087450189972521
2015-08-18,-0.22337012432946
2015-08-19,-2.1648106269258554
2015-08-20,-2.367790130393067
2015-08-21,-2.9936101234304817
2015-08-24,-4.816498273740313
2015-08-25,4.8520549817836685
2015-08-26,-1.2987696537517561
2015-08-27,3.133123401204447
2015-08-28,-0.16580695630364825
2015-08-31,-0.3800990183736309
2015-09-01,-2.4059289643441972
2015-09-02,0.3237653062578027
2015-09-03,2.64958542871128
2015-09-04,-2.749254070358251
2015-09-07,0.7005690748813909
2015-09-08,1.5971903215448195
2015-09-09,0.30872994241128227
2015-09-10,-0.903600502610602
2015-09-11,-0.8545430124527212
2015-09-14,0.08077554601693758
2015-09-15,0.5550211971676395
2015-09-16,0.38285060311159613
2015-09-17,0.02317193649227071
2015-09-18,-3.1117765701018185
2015-09-21,0.32570023161168243
2015-09-22,-3.8720582724485615
2015-09-23,0.4374645759939749
2015-09-24,-1.9431067768105592
2015-09-25,2.729697690920686
2015-09-28,-2.1384041682528365
2015-09-29,-0.3501588162141063
2015-09-30,2.198213033404162
2015-10-01,-1.5774231226413236
2015-10-02,0.4597592420078268
2015-10-05,2.702783414266476
2015-10-06,0.8930147109007749
2015-10-07,0.680015994271678
2015-10-08,0.22711413217235973
2015-10-09,1.0306810791027963
2015-10-12,0.22981781979941374
2015-10-13,-0.8635122884308476
2015-10-14,-1.1727302537773336
2015-10-15,1.490972105211989
2015-10-16,0.3929741969347142
2015-10-19,0.5908611903262209
2015-10-20,-0.1637445384312803
2015-10-21,0.8870940228780027
2015-10-22,2.4494159251195784
2015-10-23,2.8430277739495127
2015-10-26,0.06297316848501844
2015-10-27,-1.0156577440525831
2015-10-28,1.2987411193315317
2015-10-29,-0.2877125377738683
2015-10-30,0.45540563104233056
2015-11-02,0.92226837436209
2015-11-03,0.004387477782412211
2015-11-04,-0.971821359015086
2015-11-05,0.39111114315165185
2015-11-06,0.9169116275333493
2015-11-09,-1.583083789090331
2015-11-10,0.15769921789976193
2015-11-11,0.6931880143649644
2015-11-12,-1.1548062625103117
2015-11-13,-0.690797848495801
2015-11-16,0.0450953360046275
2015-11-17,2.377960731772549
2015-11-18,-0.10113400787393116
2015-11-19,1.1384837034919786
2015-11-20,0.30974336403776326
2015-11-23,-0.24779712652800456
2015-11-24,-1.4375729366789745
2015-11-25,2.13141266640977
2015-11-26,1.3448616263360458
2015-11-27,-0.23887102060294643
2015-11-30,0.7803068453422819
2015-12-01,-1.0686646709542138
2015-12-02,-0.6344494052440992
2015-12-03,-3.647290481846446
2015-12-04,-0.3448314921195489
2015-12-07,1.2384765121525396
2015-12-08,-1.9712446748386392
2015-12-09,-0.762808479534728
2015-12-10,0.06077415620983726
2015-12-11,-2.472739292679184
2015-12-14,-1.9602738338764802
2015-12-15,3.0215438295333352
2015-12-16,0.18049916973393032
2015-12-17,2.5356716246895825
2015-12-18,-1.2173653317646316
2015-12-21,-1.046357579619714
2015-12-22,-0.08595548005849651
2015-12-23,2.252030139555126
2015-12-28,-0.6896580004033059
2015-12-29,1.9172197801598698
2015-12-30,-1.0843884689112868
2016-01-04,-4.372041252076922
2016-01-05,0.2589083229894957
2016-01-06,-0.9362718987810159
2016-01-07,-2.3193219418532545
2016-01-08,-1.3163589010021501
2016-01-11,-0.24671177806407202
2016-01-12,1.6189685023555607
2016-01-13,-0.24535506694947098
2016-01-14,-1.6883054893338492
2016-01-15,-2.5744698948154605
2016-01-18,-0.24565780997225858
2016-01-19,1.4840250415725977
2016-01-20,-2.8609472623325654
2016-01-21,1.9247924655270303
2016-01-22,1.9724444386953845
2016-01-25,-0.29464610402187685
2016-01-26,0.885532146996704
2016-01-27,0.5894411998664447
2016-01-28,-2.4716975505696457
2016-01-29,1.6310985426529774
2016-02-01,-0.41143941084455626
2016-02-02,-1.8289002039905022
2016-02-03,-1.5379015807546723
2016-02-04,-0.4404039741155723
2016-02-05,-1.1470385880305947
2016-02-08,-3.3604058798767995
2016-02-09,-1.119461829286201
2016-02-10,1.5409818659336338
2016-02-11,-2.9762189827581524
2016-02-12,2.422635944791088
2016-02-15,2.633864967607679
2016-02-16,-0.7821399261259212
2016-02-17,2.6157003402910175
2016-02-18,0.9174776676247929
2016-02-19,-0.8019466801395403
2016-02-22,1.9570666298294028
2016-02-23,-1.651615687928946
2016-02-24,-2.6794769115721233
2016-02-25,1.7696357172271666
2016-02-26,1.929711839594005
2016-02-29,-0.18832870389885048
2016-03-01,2.3085898838238856
2016-03-02,0.6100422237687882
2016-03-03,-0.25296523380406427
2016-03-04,0.7381487174367387
2016-03-07,-0.46156287110777855
2016-03-08,-0.8844601675653768
2016-03-09,0.3118015640762775
2016-03-10,-2.3406369189892304
2016-03-11,3.445678592693309
2016-03-14,1.6056725033395205
2016-03-15,-0.5662517296669585
2016-03-16,0.49766533898059706
2016-03-17,-0.917814342346093
2016-03-18,0.5906342763522184
2016-03-21,-0.021710724702306096
2016-03-22,0.4148769586820956
2016-03-23,0.3290844242426022
2016-03-24,-1.7266974924547092
2016-03-29,0.37074142131324983
2016-03-30,1.5919422970949337
2016-03-31,-0.8105191198943305
2016-04-01,-1.7294846581392063
2016-04-04,0.27976591364687137
2016-04-05,-2.6693754007857344
2016-04-06,0.6373778924438852
2016-04-07,-0.980315987680667
2016-04-08,0.9569354405545868
2016-04-11,0.6291622132012507
2016-04-12,0.8072213730028035
2016-04-13,2.674867807226511
2016-04-14,0.6714898055001591
2016-04-15,-0.4177679653859274
2016-04-18,0.6815381043959484
2016-04-19,2.2402636959670605
2016-04-20,0.6903942491844294
2016-04-21,0.1384707081190941
2016-04-22,-0.5982003926542578
2016-04-25,-0.7658372853881844
2016-04-26,-0.33823003947035907
2016-04-27,0.39145351292289654
2016-04-28,0.20678279705750066
2016-04-29,-2.7720733678800054
2016-05-02,0.8362195770046644
2016-05-03,-1.9601586908218873
2016-05-04,-0.9974209122852256
2016-05-05,0.23994136687406067
2016-05-06,0.1834501835447236
2016-05-09,1.1137403432774422
2016-05-10,0.6486632171165999
2016-05-11,-0.7004769179784902
2016-05-12,-1.1412906261434066
2016-05-13,0.9162837711112815
2016-05-17,-0.6320605018380413
2016-05-18,0.5348564504097153
2016-05-19,-1.4929090659573503
2016-05-20,1.2188709776226834
2016-05-23,-0.7463172306924759
2016-05-24,2.161127903055611
2016-05-25,1.4598679805480215
2016-05-26,0.6592490323730733
2016-05-27,0.13229824834715348
2016-05-30,0.4551117952843817
2016-05-31,-0.6845077673333753
2016-06-01,-0.5696921654290646
2016-06-02,0.03487647996664343
2016-06-03,-1.0313605755715958
2016-06-06,0.1762264405121501
2016-06-07,1.6326647184471632
2016-06-08,-0.689106978575541
2016-06-09,-1.2623115012453725
2016-06-10,-2.552402214677897
2016-06-13,-1.8180178247414298
2016-06-14,-1.4417815067359447
2016-06-15,0.9150976406794171
2016-06-16,-0.5871469272810874
2016-06-17,0.8434138367482875
2016-06-20,3.3755337546339788
2016-06-21,0.5358075461349809
2016-06-22,0.5528030997313599
2016-06-23,1.8297429128345102
2016-06-24,-7.0672722663131005
2016-06-27,-3.0651794480587644
2016-06-28,1.9088064662488395
2016-06-29,1.7313460271418533
2016-06-30,0.7030824022994084
2016-07-01,0.9871506675557701
2016-07-04,-0.6880145298509457
2016-07-05,-1.8343954968375475
2016-07-06,-1.6857659407196968
2016-07-07,0.48446679287008443
2016-07-08,2.2142337523566566
2016-07-11,2.09378520688577
2016-07-12,1.3199866881843214
2016-07-13,-0.3353681957928733
2016-07-14,1.3759882737149074
2016-07-15,-0.013900175326584841
2016-07-18,-0.037461521968696
2016-07-19,-0.8170883251545166
2016-07-20,1.5978825678120732
2016-07-21,0.1399156952714348
2016-07-22,-0.08619131984870253
2016-07-25,0.4991755348168527
2016-07-26,0.48439428813709784
2016-07-27,0.6981013279488042
2016-07-28,-0.4333218231897183
2016-07-29,0.6071143056618808
2016-08-01,-0.06754850415024707
2016-08-02,-1.8186676227651053
2016-08-03,0.2546955893302546
2016-08-04,0.5652548818800791
2016-08-05,1.353253315855402
2016-08-08,0.6264610539238363
2016-08-09,2.4667458859021267
2016-08-10,-0.39365826184441977
2016-08-11,0.8596047878826655
2016-08-12,-0.2741406154133941
2016-08-15,0.24034604850706487
2016-08-16,-0.5842375438831896
2016-08-17,-1.3102701859260335
2016-08-18,0.6183386473386071
2016-08-19,-0.5548681957233832
2016-08-22,-0.47541732811787263
2016-08-23,0.9345086373937914
2016-08-24,0.2836545740965296
2016-08-25,-0.8829237816236808
2016-08-26,0.5510142974744715
2016-08-29,-0.4100769617774487
2016-08-30,1.0678225339636171
2016-08-31,-0.6112791731078123
2016-09-01,-0.5526672785934306
2016-09-02,1.40929683769818
2016-09-05,-0.10863987010007004
2016-09-06,0.13970385571662425
2016-09-07,0.6141852463982862
2016-09-08,-0.7251240371974528
2016-09-09,-0.9586491722773044
2016-09-12,-1.3489324498031297
2016-09-13,-0.4339436240337359
2016-09-14,-0.0789715307114873
2016-09-15,0.5074572938068898
2016-09-16,-1.4973718940643854
2016-09-19,0.9462540908422943
2016-09-20,0.19251251915956386
2016-09-21,0.40930604746176863
2016-09-22,2.2519370414727486
2016-09-23,-0.4432628241695746
2016-09-26,-2.21942719312397
2016-09-27,-0.3105682716026718
2016-09-28,0.7390422001010982
2016-09-29,-0.31471906329229227
2016-09-30,1.0085825633034207
2016-10-04,1.0278139068786047
2016-10-05,-0.31907081953056055
2016-10-06,-0.1605370783456892
2016-10-07,-0.7401810701995101
2016-10-10,1.2618694779876383
2016-10-11,-0.4426156013177369
2016-10-12,-0.5126954637992595
2016-10-13,-1.0412213082259616
2016-10-14,1.584352508707364
2016-10-17,-0.7286102405066347
2016-10-18,1.2110747959388017
2016-10-19,0.13281696185888522
2016-10-20,0.521946001440988
2016-10-21,0.08724797781736165
2016-10-24,0.4698191122957895
2016-10-25,-0.035879408722293456
2016-10-26,-0.44375073187013875
2016-10-27,0.0690761552395923
2016-10-28,-0.1951094304507727
2016-10-31,-0.2919375870534708
2016-11-01,-1.3104665477267226
2016-11-02,-1.4856932253732547
2016-11-03,-0.4353315971786561
2016-11-04,-0.6485324487618438
2016-11-07,1.9098818393796484
2016-11-08,0.24232104544777305
2016-11-09,1.5495093803585005
2016-11-10,-0.1493659935260385
2016-11-11,0.35524455834865615
2016-11-14,0.24099503670940223
2016-11-15,0.38685518800511876
2016-11-16,-0.6661036706462862
2016-11-17,0.2030026043644883
2016-11-18,-0.196537495255734
2016-11-21,0.19269899836678528
2016-11-22,0.26842162091726335
2016-11-23,-0.48099346245910596
2016-11-24,0.2512151238233117
2016-11-25,0.09359938887658849
2016-11-28,-1.0957720871422025
2016-11-29,0.3567426018705947
2016-11-30,0.18634844715196908
2016-12-01,-1.0035811604916636
2016-12-02,-0.19670080449905575
2016-12-05,1.6179144802982164
2016-12-06,0.8433377124262733
2016-12-07,1.942621634098397
2016-12-08,1.7390001771597545
2016-12-09,0.21632414340188474
2016-12-12,-0.11985370597540987
2016-12-13,0.8404144369964542
2016-12-14,-0.35340869141931053
2016-12-15,1.07523264334764
2016-12-16,0.33033580811171076
2016-12-19,0.19877119193527312
2016-12-20,0.3323519478339602
2016-12-21,0.034006449289241895
2016-12-22,-0.10940181410320922
2016-12-23,-0.053871598121627645
2016-12-27,0.1946635418576692
2016-12-28,0.023968034111218887
2016-12-29,-0.2088493115135714
2016-12-30,0.2617271901604458
2017-01-02,1.0162445269074327
2017-01-03,-0.12155550739170254
2017-01-04,0.0005985349802547325
2017-01-05,0.005445660737029032
2017-01-06,0.121371358600257
2017-01-09,-0.3023749767486338
2017-01-10,0.16684091104464865
2017-01-11,0.5412975107647325
2017-01-12,-1.080243152553131
2017-01-13,0.9342497502807603
2017-01-16,-0.6424287193779056
2017-01-17,-0.12738815903404674
2017-01-18,0.5133219134059422
2017-01-19,-0.02155518113644961
2017-01-20,0.2862205977214839
2017-01-23,-0.7281730495894049
2017-01-24,0.4251429224084301
2017-01-25,1.804326229272839
2017-01-26,0.3600143792067477
2017-01-27,-0.290415600482389
2017-01-30,-1.1268333904756993
2017-01-31,-1.26270205393432
2017-02-01,1.0708569612321928
2017-02-02,-0.2709598837649908
2017-02-03,0.2022389426149999
2017-02-06,-1.2231780838606516
2017-02-07,0.34346800419329093
2017-02-08,-0.05248858244363044
2017-02-09,0.8581044462153732
2017-02-10,0.20686022606281051
2017-02-13,0.91684555004994
2017-02-14,-0.02225508005440971
2017-02-15,0.18773120963445025
2017-02-16,-0.31157248601814697
2017-02-17,-0.0018771853947915182
2017-02-20,0.5987015097604823
2017-02-21,1.1756342045883788
2017-02-22,0.25953035898930116
2017-02-23,-0.42394513932186684
2017-02-24,-1.2108656715178996
2017-02-27,0.15778464322582764
2017-02-28,0.09925346069784194
2017-03-01,1.9478832204009464
2017-03-02,-0.06316734784501069
2017-03-03,-0.26744777560988486
2017-03-06,-0.575009078792013
2017-03-07,0.0646972361417939
2017-03-08,0.009776458589307088
2017-03-09,0.09254337335949119
2017-03-10,-0.12705903084569858
2017-03-13,0.22419205799700967
2017-03-14,-0.010344415279341903
2017-03-15,0.17567717038599823
2017-03-16,0.6085555556654011
2017-03-17,0.09976291183836547
2017-03-20,-0.35066788614933553
2017-03-21,-0.7559510776741483
2017-03-22,-0.4861247985269982
2017-03-23,1.1323266969173502
2017-03-24,0.20403172988168417
2017-03-27,-0.5669030598997913
2017-03-28,1.2702303392904493
2017-03-29,0.4400397558436543
2017-03-30,0.43688485926496073
2017-03-31,0.4594394583241892
2017-04-03,-0.4531530958683941
2017-04-04,0.20489102234384068
2017-04-05,-0.5289818244063227
2017-04-06,0.10920628336760203
2017-04-07,-0.04767820036993116
2017-04-10,-0.20093728150577914
2017-04-11,-0.5026325351573143
2017-04-12,0.12637323216049015
2017-04-13,-0.37669645590066303
2017-04-18,-0.9005626183789873
2017-04-19,0.13332090524415866
2017-04-20,0.09041941175203984
2017-04-21,0.1765251873677485
2017-04-24,3.3174573935512193
2017-04-25,0.09677843937233593
2017-04-26,0.04618927598160826
2017-04-27,-0.23285512917186132
2017-04-28,-0.04646186037067535
2017-05-02,0.5603388084917715
2017-05-03,0.1592879391965833
2017-05-04,0.9528372018314493
2017-05-05,0.5449276196177227
2017-05-08,-0.17582514006271663
2017-05-09,0.42895066899870277
2017-05-10,0.06539366721571704
2017-05-11,-0.36437486604472613
2017-05-12,0.46583414458195255
2017-05-15,0.2864234517117601
2017-05-16,-0.019598686081406656
2017-05-17,-1.3596605582448196
2017-05-18,-0.3294850734978907
2017-05-19,0.3855198502228945
2017-05-22,-0.15227142263654442
2017-05-23,0.31402408401001564
2017-05-24,-0.12868755425454984
2017-05-25,-0.16743114134641038
2017-05-26,-0.1549327695169251
2017-05-29,0.2122022912364881
2017-05-30,-0.23997912194231044
2017-05-31,0.12992825022344562
2017-06-01,0.3944656381659747
2017-06-02,1.2399827238589267
2017-06-06,-1.0412040702148395
2017-06-07,-0.13902264323432642
2017-06-08,0.3237198914794776
2017-06-09,0.8001801397491478
2017-06-12,-0.982353310565614
2017-06-13,0.5856532674410876
2017-06-14,0.32044012912789493
2017-06-15,-0.8953052227362633
2017-06-16,0.47885333948954484
2017-06-19,1.062496720328219
2017-06-20,-0.577039460812833
2017-06-21,-0.3167785255007711
2017-06-22,0.15441205993827234
2017-06-23,-0.47470508883750384
2017-06-26,0.29344099947529606
2017-06-27,-0.7846210905276773
2017-06-28,-0.18761146859216782
2017-06-29,-1.8440043777265436
2017-06-30,-0.7361835068166264
2017-07-03,1.2111990887506368
2017-07-04,-0.30651127091010455
2017-07-05,0.13297925950996572
2017-07-06,-0.5832905006474646
2017-07-07,0.05998957458940206
2017-07-10,0.46097248706348626
2017-07-11,-0.07153809959909806
2017-07-12,1.5126650947935507
2017-07-13,0.11674888492305271
2017-07-14,-0.07605217494511131
2017-07-17,-0.3533829963189446
2017-07-18,-1.253300671793258
2017-07-19,0.1740999853486554
2017-07-20,-0.038553732712193554
2017-07-21,-1.6785571050286048
2017-07-24,-0.2544838591619166
2017-07-25,0.4524078112312486
2017-07-26,0.3321268380389088
2017-07-27,-0.7592298296306895
2017-07-28,-0.40484461098015556
2017-07-31,-0.3661326645841174
2017-08-01,1.0918659980258236
2017-08-02,-0.5714436703617212
2017-08-03,-0.21992548350948252
2017-08-04,1.169630788891491
2017-08-07,-0.33027915929817697
2017-08-08,0.28416305423847293
2017-08-09,-1.129436234376661
2017-08-10,-1.1560742986308512
2017-08-11,-0.001999590327904918
2017-08-14,1.2495255361312876
2017-08-15,0.09793644238013594
2017-08-16,0.710454003709599
2017-08-17,-0.4937239758872335
2017-08-18,-0.3140884874442211
2017-08-21,-0.8187859344883976
2017-08-22,1.3447199140426802
2017-08-23,-0.4510813401801118
2017-08-24,0.0536254466752105
2017-08-25,-0.10587515815160693
2017-08-28,-0.3661438551374073
2017-08-29,-1.47567814936975
2017-08-30,0.4725999912412231
2017-08-31,0.4436737716681844
2017-09-01,0.717401909397479
2017-09-04,-0.3335118643867899
2017-09-05,0.1774958863394344
2017-09-06,0.7464012393204515
2017-09-07,0.6698182985904437
2017-09-08,0.059759380366638255
2017-09-11,1.382307334494409
2017-09-12,0.39623473863380343
2017-09-13,0.22968660677867375
2017-09-14,-0.10456768678354961
2017-09-15,-0.17271563950431396
2017-09-18,0.32362860817191164
2017-09-19,0.019110492916063277
2017-09-20,0.058731405693256
2017-09-21,0.24522326325648525
2017-09-22,-0.06097609147056687
2017-09-25,0.0195334529612615
2017-09-26,0.08246525049382918
2017-09-27,0.4133384044186009
2017-09-28,0.37252721575709513
2017-09-29,0.9729248906030382
2017-10-02,0.5735399065950502
2017-10-04,0.5246307004326284
2017-10-05,-0.01904288966732951
2017-10-06,-0.09342216048722149
2017-10-09,0.15779497365534723
2017-10-10,-0.20944817307431016
2017-10-11,0.16535301322996593
2017-10-12,0.09409081024852556
2017-10-13,0.06914765864138106
2017-10-16,0.09101611389517707
2017-10-17,-0.06646951928497627
2017-10-18,0.3684660256308286
2017-10-19,-0.4066413622792543
2017-10-20,0.009088540090152605
2017-10-23,0.09124555084099094
2017-10-24,0.0772651770625422
2017-10-25,-0.46044054826639946
2017-10-26,1.3790401525446399
2017-10-27,0.6395250835118659
2017-10-30,0.0909760961203922
2017-11-01,1.7677084785107255
2017-11-02,-0.18270782357226997
2017-11-03,0.2818052377778448
2017-11-06,-0.07473982200896737
2017-11-07,-0.6668700904630729
2017-11-08,0.02354403405711895
2017-11-09,-1.5047188167665289
2017-11-10,-0.41877508868390584
2017-11-13,-0.4049316891817093
2017-11-14,-0.3136176105148479
2017-11-15,-0.4391447244493754
2017-11-16,0.5445043120414765
2017-11-17,-0.4108093801260039
2017-11-20,0.4984557683820163
2017-11-21,0.8303185939414294
2017-11-22,-1.164909829977342
2017-11-23,-0.04987962497512143
2017-11-24,0.3935042090272095
2017-11-27,-0.45771036781484037
2017-11-28,0.45533994072470846
2017-11-29,0.017915147896119636
2017-11-30,-0.29049982448234496
2017-12-01,-1.2554716161384112
2017-12-04,1.520548323168475
2017-12-05,-0.07668235851181951
2017-12-06,-0.3815391149566987
2017-12-07,0.35555851657639953
2017-12-08,0.8286655591615779
2017-12-11,-0.2287126907129214
2017-12-12,0.45523681910241925
2017-12-13,-0.44008015914439524
2017-12-14,-0.43949208865212
2017-12-15,0.2711294699039858
2017-12-18,1.580448898929351
2017-12-19,-0.7276075433416209
2017-12-20,-1.1156314343879703
2017-12-21,0.3099467833974348
2017-12-22,-0.28225094715523674
2017-12-27,-0.02119518038350596
2017-12-28,-0.6915900119242522
2017-12-29,-0.48113299578470436
2018-01-02,-0.3586800344592583
2018-01-03,0.8264802717344135
2018-01-04,1.4509469328923603
2018-01-05,1.1458347708778172
2018-01-08,0.3607743075702767
2018-01-09,0.13313891195954702
2018-01-10,-0.7818712713290605
2018-01-11,-0.5923498789212542
2018-01-12,0.3185876353186833
2018-01-15,-0.33669609170657866
2018-01-16,0.34650913770569336
2018-01-17,-0.471960261260716
2018-01-18,0.7365859225883252
2018-01-19,1.1455522473826047
2018-01-22,0.21741462579627002
2018-01-23,0.709829056736008
2018-01-24,-1.0740634872462589
2018-01-25,-0.8713374081147852
2018-01-26,0.3139032387620415
2018-01-29,-0.11767980982904534
2018-01-30,-0.9559653345992171
2018-01-31,-0.062374904795151474
2018-02-01,-1.4170235176258565
2018-02-02,-1.6964206957933374
2018-02-05,-0.766864845438969
2018-02-06,-2.3512112624861423
2018-02-07,1.583260227071189
2018-02-08,-2.657138916884804
2018-02-09,-1.2542105433337094
2018-02-12,1.4373947010316948
2018-02-13,-0.7048403817393866
2018-02-14,1.1628932176552542
2018-02-15,0.05679296806019801
2018-02-16,0.8532149910758674
2018-02-19,-0.5343561172108251
2018-02-20,0.8225730844298402
2018-02-21,-0.1395134753319379
2018-02-22,-0.06882673412330949
2018-02-23,0.1754201185131066
2018-02-26,0.34585052135625294
2018-02-27,-0.2902704363332286
2018-02-28,-0.44034077584076714
2018-03-01,-1.9890310802532734
2018-03-02,-2.3003253633673744
2018-03-05,1.4760797507517756
2018-03-06,0.19004547621472698
2018-03-07,1.079603164699458
2018-03-08,0.895988039974117
2018-03-09,-0.07198231241192149
2018-03-12,0.5791234450782304
2018-03-13,-1.6020149545101428
2018-03-14,0.1366378046839135
2018-03-15,0.8771810793244935
2018-03-16,0.355935360889822
2018-03-19,-1.4025779952020825
2018-03-20,0.7365003071754479
2018-03-21,0.014789380680393045
2018-03-22,-1.7130849385989584
2018-03-23,-1.7824789049254792
2018-03-26,-0.8368014241291617
2018-03-27,1.5453596391853928
2018-03-28,-0.2519296797192089
2018-03-29,1.298163998362742
2018-04-03,-0.7824395007189979
2018-04-04,-0.371863140021621
2018-04-05,2.862897903271786
2018-04-06,-0.520816794169851
2018-04-09,0.16716693624826806
2018-04-10,1.0995684485054058
2018-04-11,-0.8371469401042269
2018-04-12,0.9797329533186443
2018-04-13,0.2203820584186531
2018-04-16,-0.41065229143964255
2018-04-17,1.5547441177469965
2018-04-18,0.04178330198054071
2018-04-19,-0.18610327035182636
2018-04-20,-0.2144337904055361
2018-04-23,0.25397049901375035
2018-04-24,-0.17170848208160167
2018-04-25,-1.0292798164380736
2018-04-26,0.6272992904089841
2018-04-27,0.6411193861240887
2018-04-30,0.24800757835215415
2018-05-02,1.496344535588001
2018-05-03,-0.8794803958704245
2018-05-04,1.0149086517631467
2018-05-07,0.9976902047866911
2018-05-08,-0.2778749024032272
2018-05-09,0.23863316510655924
2018-05-10,0.6147347633710826
2018-05-11,-0.16622960401712433
2018-05-14,-0.1811488123663539
2018-05-15,-0.05911820561230652
2018-05-16,0.20249305487855404
2018-05-17,0.9059886816964275
2018-05-18,-0.28169047414827986
2018-05-22,0.7025437393415374
2018-05-23,-1.4769217260766827
2018-05-24,-0.9426388426866223
2018-05-25,0.6429642717768348
2018-05-28,-0.5778741516372392
2018-05-29,-1.5429246849667886
2018-05-30,0.9214112989838205
2018-05-31,-1.4090791031965624
2018-06-01,0.9426350549844497
2018-06-04,0.3646243156617031
2018-06-05,0.12817874667425258
2018-06-06,0.335247174379963
2018-06-07,-0.1483594415090446
2018-06-08,-0.34796107202361
2018-06-11,0.596346646736581
2018-06-12,-0.004752552644446228
2018-06-13,0.3752423382765472
2018-06-14,1.6657220196249947
2018-06-15,-0.739348652477008
2018-06-18,-1.3654054124191233
2018-06-19,-1.2240677680323993
2018-06-20,0.13550107848033985
2018-06-21,-1.453982760166317
2018-06-22,0.5404968565990843
2018-06-25,-2.4901812142878055
2018-06-26,-0.2937420529885521
2018-06-27,0.9296795538422756
2018-06-28,-1.3975681694070028
2018-06-29,1.0519095410161718
2018-07-02,-0.552719859946081
2018-07-03,0.9026646834363319
2018-07-04,-0.2556422232041271
2018-07-05,1.1837784679499115
2018-07-06,0.25544321056105257
2018-07-09,0.3811475304087337
2018-07-10,0.5244557196780382
2018-07-11,-1.54012621472072
2018-07-12,0.6089102754816744
2018-07-13,0.3815720389990505
2018-07-16,0.16165460111997834
2018-07-17,0.7970724757302032
2018-07-18,0.8211665124148315
2018-07-19,-0.6258834622353404
2018-07-20,-0.9891680120077946
2018-07-23,-0.10234659891706566
2018-07-24,1.1159443753968763
2018-07-25,-0.871118659668704
2018-07-26,1.8111044484027692
2018-07-27,0.39868114919692266
2018-07-30,-0.4848301601179692
2018-07-31,0.057021483844971015
2018-08-01,-0.535971229944803
2018-08-02,-1.5086855077128356
2018-08-03,0.5518608679808049
2018-08-06,-0.1392070166809129
2018-08-07,0.39594186317224567
2018-08-08,-0.11589706869940661
2018-08-09,0.33639621241407125
2018-08-10,-2.006092205092865
2018-08-13,-0.5294701240826115
2018-08-14,0.0010509334086442554
2018-08-15,-1.59746738519016
2018-08-16,0.6078675284604167
2018-08-17,-0.2177718658888024
2018-08-20,0.9840413523012743
2018-08-21,0.4304172492170264
2018-08-22,0.009769492421932743
2018-08-23,-0.16257843147483939
2018-08-24,0.2337588843294779
2018-08-27,1.1534321486930157
2018-08-28,-0.08688874685257958
2018-08-29,0.2731049535667154
2018-08-30,-0.538312831383838
2018-08-31,-1.0473914562356668
2018-09-03,-0.14284970912403624
2018-09-04,-1.1092861419612001
2018-09-05,-1.3999841906102155
2018-09-06,-0.7102129442596573
2018-09-07,0.03662893464597138
2018-09-10,0.223085323499545
2018-09-11,-0.13416184785512306
2018-09-12,0.5168647627988541
2018-09-13,0.1930434438713242
2018-09-14,0.5689065394827375
2018-09-17,-0.23054567260397818
2018-09-18,0.5051512627598048
2018-09-19,0.5033475855839581
2018-09-20,0.87561161175049
2018-09-21,0.8433858166336257
2018-09-24,-0.6461207116801513
2018-09-25,0.19283630235350163
2018-09-26,0.09070471411972408
2018-09-27,0.40046171903752703
2018-09-28,-1.5303509431771705
2018-10-01,0.7508430532903
2018-10-02,-0.4178428897431237
2018-10-04,-0.35415760148031805
2018-10-05,-1.0858953839340526
2018-10-08,-1.3694866330281235
2018-10-09,0.25128831992753903
2018-10-10,-2.234984194203349
2018-10-11,-1.4893747745730042
2018-10-12,-0.1347607350164895
2018-10-15,0.780976431638889
2018-10-16,1.3885192689011496
2018-10-17,-0.5237593357361217
2018-10-18,-1.0798166667566014
2018-10-19,-0.3057498955590293
2018-10-22,-0.25556836201626254
2018-10-23,-2.193725736355337
2018-10-24,-0.7357882492190291
2018-10-25,1.0266459137881516
2018-10-26,-0.9463481781157347
2018-10-29,1.1968526754728446
2018-10-30,-0.4251528873406227
2018-10-31,1.4086076372356038
2018-11-01,0.18354192385314783
2018-11-02,0.43893602933579995
2018-11-05,-0.20883231228668703
2018-11-06,-0.09243204130578539
2018-11-07,0.8217360557882627
2018-11-08,-0.44818179296438576
2018-11-09,0.0159594501545718
2018-11-12,-1.7827931102242955
2018-11-13,1.2876876314021748
2018-11-14,-0.5216538391905409
2018-11-15,-0.5170865775353425
2018-11-16,-0.11165549651006071
2018-11-19,-0.8541796854532001
2018-11-20,-1.5968272645065802
2018-11-21,1.5935356823022144
2018-11-22,-0.9443066379283857
2018-11-23,0.4854226254915197
2018-11-26,1.4372567399202671
2018-11-27,-0.40248657366107393
2018-11-28,-0.0905031304617582
2018-11-29,-0.00574776201536935
2018-11-30,-0.3634619737224183
2018-12-03,1.8327536175951946
2018-12-04,-1.141549193662086
2018-12-05,-1.1988314703397074
2018-12-06,-3.537289986878641
2018-12-07,-0.2119594337981639
2018-12-10,-1.5508791867614236
2018-12-11,1.4805910959780388
2018-12-12,1.371926973613773
2018-12-13,-0.04328236618611085
2018-12-14,-0.5408860705966626
2018-12-17,-0.8648678260042828
2018-12-18,-0.29108388623128495
2018-12-19,0.23546014719026373
2018-12-20,-1.4511935955402941
2018-12-21,0.2138931271181051
2018-12-27,-2.4013200844643308
2018-12-28,1.694846823704526
2019-01-02,0.20086404132416755
2019-01-03,-1.5576962779350876
2019-01-04,3.3143560874659554
2019-01-07,-0.18480504783288307
2019-01-08,0.5212655238772768
2019-01-09,0.8235157870831438
2019-01-10,0.2591763786506582
2019-01-11,-0.3129885160520475
2019-01-14,-0.29020181010943574
2019-01-15,0.32996514614766237
2019-01-16,0.361546841032851
2019-01-17,-0.11551669793592534
2019-01-18,2.5938702911361062
2019-01-21,-0.620722160931234
2019-01-22,-0.4147328879993895
2019-01-23,-0.16758965617725022
2019-01-24,0.5282454288942977
2019-01-25,1.3529615299410078
2019-01-28,-0.6356072633514983
2019-01-29,0.07597712935873784
2019-01-30,-0.33186734397881473
2019-01-31,-0.07658813946740031
2019-02-01,0.06764452371830451
2019-02-04,-0.03649894287061472
2019-02-05,1.698014818296936
2019-02-06,-0.3812749846616263
2019-02-07,-2.709287537284687
2019-02-08,-1.051040820270003
2019-02-11,0.9836104124873732
2019-02-12,1.0071165608171448
2019-02-13,0.36907676743659557
2019-02-14,-0.695780796130519
2019-02-15,1.8760140435008357
2019-02-18,-0.005306512457552531
2019-02-19,0.08854905063973977
2019-02-20,0.8168688963135908
2019-02-21,0.186727883085702
2019-02-22,0.300860777231985
2019-02-25,0.41535805513923774
2019-02-26,0.3072128999023246
2019-02-27,-0.4643023981529544
2019-02-28,0.24613851986604926
2019-03-01,0.744380739856668
2019-03-04,-0.07777355825084674
2019-03-05,0.2419300175637159
2019-03-06,-0.2853313167535442
2019-03-07,-0.604449185130465
2019-03-08,-0.5219449641210837
2019-03-11,0.7446617809957179
2019-03-12,-0.1674253862775043
2019-03-13,0.4177268180779588
2019-03-14,0.13004879568619016
2019-03-15,0.8440734787849279
2019-03-18,-0.2453084896379441
2019-03-19,1.1204890472858728
2019-03-20,-1.577650223105541
2019-03-21,-0.4658386051147122
2019-03-22,-1.6216553849628972
2019-03-25,-0.15428359243866166
2019-03-26,0.6398129486537886
2019-03-27,-0.003856902091389785
2019-03-28,0.07983575750155027
2019-03-29,0.8528328169312593
2019-04-01,1.3439532850647953
2019-04-02,0.6212460754280409
2019-04-03,1.683862370413805
2019-04-04,0.2807519949486086
2019-04-05,0.18118558177737987
2019-04-08,-0.386679817811671
2019-04-09,-0.9476027650268556
2019-04-10,0.4658934552346467
2019-04-11,0.24571048383908883
2019-04-12,0.5408756944923296
2019-04-15,0.16944556970799
2019-04-16,0.6719317292520736
2019-04-17,0.4267275094983778
2019-04-18,0.5687648390477514
2019-04-23,0.1072873694006504
2019-04-24,0.6326261247247345
2019-04-25,-0.24850269227764304
2019-04-26,0.26490275226820315
2019-04-29,0.10420599044718491
2019-04-30,0.13019199336762405
2019-05-02,0.010853551115384281
2019-05-03,0.5439032394015119
2019-05-06,-1.019215327503582
2019-05-07,-1.5926724968210255
2019-05-08,0.7184197569710787
2019-05-09,-1.7058544668067992
2019-05-10,0.7149156678297787
2019-05-13,-1.5305780965066293
2019-05-14,0.9633761751815297
2019-05-15,0.8961858329699658
2019-05-16,1.7272065519899178
2019-05-17,-0.5819298993306362
2019-05-20,-1.6281126892630542
2019-05-21,0.8449973989917092
2019-05-22,0.2078833388963333
2019-05-23,-1.7937442864388864
2019-05-24,0.4893285342630656
2019-05-27,0.49945373921185654
2019-05-28,-0.3662504098603251
2019-05-29,-1.5859653559720983
2019-05-30,0.5414571490056499
2019-05-31,-1.4832962989884122
2019-06-03,0.5609768955643402
2019-06-04,1.5011265338809234
2019-06-05,0.08049145968159956
2019-06-06,-0.23121912685265456
2019-06-07,0.7687198244368106
2019-06-11,0.9126035241899836
2019-06-12,-0.3306753776277884
2019-06-13,0.4395371431036299
2019-06-14,-0.5987907131184619
2019-06-17,-0.08750295458770384
2019-06-18,2.0144346936253212
2019-06-19,-0.1884697185099088
2019-06-20,0.37998364843069193
2019-06-21,-0.12528475127577876
2019-06-24,-0.5309861166734928
2019-06-25,-0.37652464667933644
2019-06-26,0.13794271887291842
2019-06-27,0.20973733649440554
2019-06-28,1.03584559188636
2019-07-01,0.9837895898967507
2019-07-02,0.042636718267404464
2019-07-03,0.7120950455682696
2019-07-04,0.10821580839609383
2019-07-05,-0.4870957191399376
2019-07-08,-0.199271075174031
2019-07-09,-0.8563679706931605
2019-07-10,-0.5089873973930557
2019-07-11,-0.33425777183785976
2019-07-12,-0.07138225809635398
2019-07-15,0.518154303286367
2019-07-16,0.3515946775867556
2019-07-17,-0.7261411942466072
2019-07-18,-0.9213400466722551
2019-07-19,0.2631560526342944
2019-07-22,0.23894683869023306
2019-07-23,1.6250454551532574
2019-07-24,0.2570553087739728
2019-07-25,-1.2922832720282071
2019-07-26,0.4664747482964718
2019-07-29,-0.019572636384542718
2019-07-30,-2.2002327248440334
2019-07-31,0.34351877380413687
2019-08-01,0.5245888151452862
2019-08-02,-3.156329474701072
2019-08-05,-1.8183418578388053
2019-08-06,-0.7797161127493519
2019-08-07,0.7079884775926165
2019-08-08,1.6621374968638298
2019-08-09,-1.2881693846307167
2019-08-12,-0.12082171086181734
2019-08-13,0.6013741376832581
2019-08-14,-2.21557100653656
2019-08-15,-0.6984449407984681
2019-08-16,1.306374473762382
2019-08-19,1.3113785254200727
2019-08-20,-0.5494229289130144
2019-08-21,1.293355902215596
2019-08-22,-0.4739697350987669
2019-08-23,-1.1604469925138914
2019-08-26,0.3999246727593411
2019-08-27,0.6155253643774725
2019-08-28,-0.2475350301830686
2019-08-29,1.1713043058016432
2019-08-30,0.844480705266838
2019-09-02,0.12137416846729368
2019-09-03,-0.3596950720896406
2019-09-04,0.9540527133218839
2019-09-05,0.842510708277457
2019-09-06,0.53416387571501
2019-09-09,0.2815087435056868
2019-09-10,0.3479136624533392
2019-09-11,0.7338116227732943
2019-09-12,0.41325122926297403
2019-09-13,0.46851476964870753
2019-09-16,-0.7100619131076648
2019-09-17,-0.06220857193894454
2019-09-18,0.13738478302187399
2019-09-19,0.5479886574028476
2019-09-20,0.08272238517225812
2019-09-23,-1.013132132073847
2019-09-24,-0.28543977979895174
2019-09-25,-0.5946777777589775
2019-09-26,0.44334756674248366
2019-09-27,0.7491104066143573
2019-09-30,0.38002068766502134
2019-10-01,-1.330414873908755
2019-10-02,-2.7996285219487707
2019-10-04,0.7315543730691488
2019-10-07,0.7019462871240679
2019-10-08,-1.0572763332555593
2019-10-09,1.0310696319891137
2019-10-10,0.5766287191658919
2019-10-11,2.8163013790651488
2019-10-14,-0.20074100327505195
2019-10-15,1.1405480784598856
2019-10-16,0.3187391729890368
2019-10-17,-0.11972455531007796
2019-10-18,-0.16885579580756488
2019-10-21,0.9011355281470491
2019-10-22,0.05278250537233139
2019-10-23,0.34047074582708964
2019-10-24,0.5758359862912602
2019-10-25,0.1739473096712602
2019-10-28,0.36538044902371725
2019-10-29,-0.016149430869539162
2019-10-30,-0.22738747369602216
2019-10-31,-0.33704803701756303
2019-11-01,0.7299114806756631
2019-11-04,1.3429197675649092
2019-11-05,0.09297949091244972
2019-11-06,0.23844727102073862
2019-11-07,0.8279080519497238
2019-11-08,-0.45931407223575077
2019-11-11,-0.22847501858605976
2019-11-12,0.6430052712248611
2019-11-13,-0.4031105971552657
2019-11-14,-0.3774277569010431
2019-11-15,0.4656701831491037
2019-11-18,-0.2626985511723818
2019-11-19,0.10678283303323667
2019-11-20,-0.4775008015850163
2019-11-21,-0.15545772534974692
2019-11-22,0.19907318167278593
2019-11-25,0.6252900383195729
2019-11-26,-0.07574914556257452
2019-11-27,0.38192901271352825
2019-11-28,-0.3127487648823207
2019-11-29,-0.06948273991965759
2019-12-02,-2.0740377627382576
2019-12-03,0.18964620208660224
2019-12-04,1.1579240125138617
2019-12-05,-0.654854762044099
2019-12-06,0.8525939600477727
2019-12-09,-0.4641397235555437
2019-12-10,-0.2665816450098869
2019-12-11,0.5799243784935829
2019-12-12,0.5681017630737691
2019-12-13,0.4609067164409775
2019-12-16,0.9362275309932176
2019-12-17,-0.8977612466063558
2019-12-18,-0.4954362911536657
2019-12-19,-0.07717446825195784
2019-12-20,0.8061631431506882
2019-12-23,-0.13463564827042615
2019-12-27,0.2712649732389771
2019-12-30,-0.6627586728194355
2020-01-02,1.0281317005632669
2020-01-03,-1.253837921280886
2020-01-06,-0.6995318875733245
2020-01-07,0.7576914482458366
2020-01-08,0.7032806704611366
2020-01-09,1.3043505637067925
2020-01-10,-0.08710682756030044
2020-01-13,-0.23605164676489357
2020-01-14,0.03694589993714474
2020-01-15,-0.17992952586308253
2020-01-16,-0.02136956370777403
2020-01-17,0.717481749081655
2020-01-20,0.16849856350251757
2020-01-21,0.051132529696150786
2020-01-22,-0.2964000409734688
2020-01-23,-0.9465523685258038
2020-01-24,1.3963443652317715
2020-01-27,-2.7775499597374043
2020-01-28,0.8965593570216482
2020-01-29,0.1598096832232259
2020-01-30,-1.4178716987402389
2020-01-31,-1.3401615215349412
2020-02-03,0.4858065734693421
2020-02-04,1.7970660819744393
2020-02-05,1.469303915731428
2020-02-06,0.7133412718655358
2020-02-07,-0.45045353430323354
2020-02-10,-0.14647080644427315
2020-02-11,0.9867362053436659
2020-02-12,0.8908096141155533
2020-02-13,-0.031646137490784786
2020-02-14,-0.008874081864293917
2020-02-17,0.28828517437813567
2020-02-18,-0.747856529908403
2020-02-19,0.7849244737196847
2020-02-20,-0.9106535813390043
2020-02-21,-0.6215847640234741
2020-02-24,-4.089231224212727
2020-02-25,-1.895453280218438
2020-02-26,-0.12212108356729502
2020-02-27,-3.241190685339264
2020-02-28,-3.934171275416686
2020-03-02,-0.2735321873588156
2020-03-03,1.0696586655321307
2020-03-04,1.1802924617435067
2020-03-05,-1.5201986476680402
2020-03-06,-3.4308013674942837
2020-03-09,-8.276975012189505
2020-03-10,-1.4173287913327943
2020-03-11,-0.35201573884131526
2020-03-12,-13.054858701122829
2020-03-13,0.7714862970687714
2020-03-16,-5.451679009465804
2020-03-17,2.226727567118638
2020-03-18,-5.724997918466842
2020-03-19,1.9789332733716112
2020-03-20,3.6324605834880646
2020-03-23,-2.1257024015143218
2020-03-24,10.414287423694867
2020-03-25,1.7746668650407522
2020-03-26,1.2749736945992256
2020-03-27,-3.753625932354627
2020-03-30,1.8865798155910312
2020-03-31,1.2137782963158754
2020-04-01,-4.015714116470213
2020-04-02,0.27276537647167415
2020-04-03,-0.4718210444215053
2020-04-06,5.60732649535235
2020-04-07,2.755969874370363
2020-04-08,-0.2301694481792424
2020-04-09,2.2190085742753833
2020-04-14,1.2400090889453679
2020-04-15,-3.9745263628099217
2020-04-16,0.21165117630865166
2020-04-17,3.098974719966197
2020-04-20,0.4705751669703403
2020-04-21,-4.072586806310184
2020-04-22,1.59869482031042
2020-04-23,0.9437751120517646
2020-04-24,-1.704609322856081
2020-04-27,3.085586332163053
2020-04-28,1.2643909123426877
2020-04-29,2.8500771956132347
2020-04-30,-2.24049000884472
2020-05-04,-3.702895927021447
2020-05-05,2.478490118899732
2020-05-06,-1.1554471344575827
2020-05-07,1.4328910796193333
2020-05-08,1.340609195630894
2020-05-11,-0.7316385203306104
2020-05-12,-0.05073101221880469
2020-05-13,-2.592016361967259
2020-05-14,-1.9698316974947092
2020-05-15,1.2321011890641076
2020-05-18,5.51802385635398
2020-05-19,0.14836727276902284
2020-05-20,1.3311997277968788
2020-05-21,-1.4157510961111404
2020-05-22,0.07172991714475978
2020-05-25,2.82598847239328
2020-05-26,0.9903160993211523
2020-05-27,1.3214749524101363
2020-05-28,1.0533004026464348
2020-05-29,-1.6628288297040525
2020-06-02,3.680763469237892
2020-06-03,3.8038525485778414
2020-06-04,-0.4559038620474759
2020-06-05,3.3005303736916027
2020-06-08,-0.21887684570409813
2020-06-09,-1.5850865509134122
2020-06-10,-0.6985041354435823
2020-06-11,-4.571080087546507
2020-06-12,-0.17567013749432744
2020-06-15,-0.3179354124343934
2020-06-16,3.3379941727426035
2020-06-17,0.5383447373406892
2020-06-18,-0.8158553320040781
2020-06-19,0.4000404494010749
2020-06-22,-0.5512804454317805
2020-06-23,2.1043491263825285
2020-06-24,-3.492308512935427
2020-06-25,0.6915843534592501
2020-06-26,-0.7292200412575299
2020-06-29,1.1737109140366928
2020-06-30,0.6422171800968688
2020-07-01,-0.4099012718889822
2020-07-02,2.797956654884551
2020-07-03,-0.638753210586945
2020-07-06,1.6251922527092388
2020-07-07,-0.9203160833789175
2020-07-08,-0.9715920011269105
2020-07-09,-0.042823821205287944
2020-07-10,1.1483549699770275
2020-07-13,1.3074170623162473
2020-07-14,-0.804868028262842
2020-07-15,1.8231893364038017
2020-07-16,-0.43409236797954454
2020-07-17,0.3461244139799439
2020-07-20,0.9805745247145013
2020-07-21,0.9528379598430697
2020-07-22,-0.5143859124653152
2020-07-23,-0.0065656547048941975
2020-07-24,-2.0456785491733163
2020-07-27,0.004678058132071073
2020-07-28,-0.026329287795002175
2020-07-29,-0.10149460088843293
2020-07-30,-3.512867772339743
2020-07-31,-0.5369146679103085
2020-08-03,2.6733608232058574
2020-08-04,-0.36526200653126395
2020-08-05,0.4701295263687201
2020-08-06,-0.5430910182895649
2020-08-07,0.6585819157611792
2020-08-10,0.09975701517440567
2020-08-11,2.023593482658872
2020-08-12,0.859363120298621
2020-08-13,-0.4983817702371271
2020-08-14,-0.7134221379368412
2020-08-17,0.14964229033616042
2020-08-18,-0.30152536246996553
2020-08-19,0.739165594870598
2020-08-20,-1.1417816430561358
2020-08-21,-0.5094811199461133
2020-08-24,2.336339976519241
2020-08-25,-0.037659918675684856
2020-08-26,0.9792200524647776
2020-08-27,-0.7136012686153895
2020-08-28,-0.4834392767392584
2020-08-31,-0.6761004394119232
2020-09-01,0.22276652295579621
2020-09-02,2.053493289216558
2020-09-03,-1.4118233817461725
2020-09-04,-1.6610868906159297
2020-09-07,1.9861170815527014
2020-09-08,-1.0123387508459405
2020-09-09,2.052156288805187
2020-09-10,-0.21417391406563854
2020-09-11,-0.045811500493331846
2020-09-14,-0.06955231087498327
2020-09-15,0.18181418480590814
2020-09-16,0.2848197316433383
2020-09-17,-0.35709613351520575
2020-09-18,-0.6979881361740327
2020-09-21,-4.473379160177045
2020-09-22,0.4133320911854921
2020-09-23,0.38498590447010567
2020-09-24,-0.28831764238863355
2020-09-25,-1.0956512092823767
2020-09-28,3.1705008167723383
2020-09-29,-0.35062764961261556
2020-09-30,-0.5087827954305013
2020-10-01,-0.23506620870519737
2020-10-02,-0.3283229133377087
2020-10-05,1.0915782105863165
2020-10-06,0.6039418928222707
2020-10-07,0.17457824655882415
2020-10-08,0.8751402346571685
2020-10-09,0.06914004457287665
2020-10-12,0.6657594944325288
2020-10-13,-0.9130934251858432
2020-10-14,0.06963810774746279
2020-10-15,-2.5208234416999353
2020-10-16,1.6026760557042035
2020-10-19,-0.4217582356267058
2020-10-20,-0.9199170307544984
2020-10-21,-1.4178016063151822
2020-10-22,-0.11617269812064059
2020-10-23,0.815370002535162
2020-10-26,-3.775750762519943
2020-10-27,-0.9373489420134891
2020-10-28,-4.2595233654352604
2020-10-29,0.32437722591633217
2020-10-30,-0.3592372736556994
2020-11-02,1.985948159119787
2020-11-03,2.5188491838730362
2020-11-04,1.927207713814043
2020-11-05,1.9594639804271337
2020-11-06,-0.703212159525858
2020-11-09,4.817560046682204
2020-11-10,0.5113718463209275
2020-11-11,0.40235660212402025
2020-11-12,-1.2427636069967651
2020-11-13,0.18193523207589013
2020-11-16,0.4721721206739792
2020-11-17,-0.03913374997578484
2020-11-18,0.5196061678150496
2020-11-19,-0.8804779411088007
2020-11-20,0.3896511406117406
2020-11-23,-0.07828349038755743
2020-11-24,1.252661326587683
2020-11-25,-0.019867588174690816
2020-11-26,-0.024303486060400295
2020-11-27,0.3689352380329256
2020-11-30,-0.33439621822439325
2020-12-01,0.6833759344146041
2020-12-02,-0.5173877304302655
2020-12-03,-0.45456416597954374
2020-12-04,0.3472429020228253
2020-12-07,-0.21046302891877428
2020-12-08,0.05642469597421528
2020-12-09,0.46410625685652135
2020-12-10,-0.3343546680040894
2020-12-11,-1.3739743301315788
2020-12-14,0.8266626444369393
2020-12-15,1.0510124720394853
2020-12-16,1.5085248635399129
2020-12-17,0.7437237249910831
2020-12-18,-0.26918147771110346
2020-12-21,-2.8592391866721214
2020-12-22,1.2887059842447144
2020-12-23,1.252510229329395
2020-12-28,1.4834308604341326
2020-12-29,-0.20986144899705628
2020-12-30,-0.310039266558898
2021-01-04,0.058005539799623015
2021-01-05,-0.5516897494651185
2021-01-06,1.7482080783920988
2021-01-07,0.5475242179261559
2021-01-08,0.5802764865969338
2021-01-11,-0.8066173168097944
2021-01-12,-0.08327258131731313
2021-01-13,0.10515351263547339
2021-01-14,0.35082759346884657
2021-01-15,-1.4470774590024327
2021-01-18,0.43869635399680396
2021-01-19,-0.24067933866047364
2021-01-20,0.7665807652996217
2021-01-21,-0.10565024816139174
2021-01-22,-0.23541726057217666
2021-01-25,-1.6718188683941728
2021-01-26,1.6503411498957576
2021-01-27,-1.8226554604030463
2021-01-28,0.3332780132216691
2021-01-29,-1.7201154178810452
2021-02-01,1.3982869521548669
2021-02-02,1.5525622717371443
2021-02-03,0.7092144754145803
2021-02-04,0.9049180745515408
2021-02-05,-0.02539610398793954
2021-02-08,0.022694254001912068
2021-02-09,-0.34276785228546097
2021-02-10,-0.5641863471989793
2021-02-11,0.7717268097921679
2021-02-12,0.06393191048871501
2021-02-15,0.42324035672580484
2021-02-16,-0.3185970737202383
2021-02-17,-1.110548374761064
2021-02-18,-0.1607403111787165
2021-02-19,0.7625587210826923
2021-02-22,-0.30912962797109833
2021-02-23,-0.6128434034470844
2021-02-24,0.7987628419278836
2021-02-25,-0.6940884182671804
2021-02-26,-0.6726065739988457
2021-03-01,1.6298024282334658
2021-03-02,0.19234923791840353
2021-03-03,0.28613612590661336
2021-03-04,-0.16839723949606347
2021-03-05,-0.9697274924604686
2021-03-08,3.2525389982220174
2021-03-09,0.3957850276761392
2021-03-10,0.7061172136193417
2021-03-11,0.20020624454774966
2021-03-12,-0.46092891622996823
2021-03-15,-0.28290307452718905
2021-03-16,0.6627417086543896
2021-03-17,0.26775085282599975
2021-03-18,1.2182391475523935
2021-03-19,-1.0512874098222198
2021-03-22,0.24735104671781086
2021-03-23,0.03280829980148221
2021-03-24,-0.3527549511490683
2021-03-25,0.07506019064939343
2021-03-26,0.8687747634630852
2021-03-29,0.46524984950204107
2021-03-30,1.2800316426128568
2021-03-31,-0.0018023670675907375
2021-04-01,0.6563424207780649
2021-04-06,0.6959809687879199
2021-04-07,-0.23902928939746976
2021-04-08,0.1732730362029624
2021-04-09,0.20685774303147694
2021-04-12,-0.12585016256962542
2021-04-13,0.127164275031716
2021-04-14,-0.16561799927364942
2021-04-15,0.3031709201025788
2021-04-16,1.3310916957726933
2021-04-19,-0.592709258910148
2021-04-20,-1.5665653879690882
2021-04-21,0.43831173291371167
2021-04-22,0.8162832573323586
2021-04-23,-0.2673153710220862
2021-04-26,0.10936518919022974
2021-04-27,-0.3081971564582623
2021-04-28,0.2809963874154868
2021-04-29,-0.9063832044202493
2021-04-30,-0.12076576198054095
2021-05-03,0.6621801659735219
2021-05-04,-2.525571292788067
2021-05-05,2.093506207546954
2021-05-06,0.17097192544605208
2021-05-07,1.3263860666457719
2021-05-10,0.004933533322097458
2021-05-11,-1.839230636448681
2021-05-12,0.20131990305122674
2021-05-13,0.3259319185728283
2021-05-14,1.4173068315606716
2021-05-17,-0.12994103330277637
2021-05-18,-0.0652306410951744
2021-05-19,-1.7903380348371305
2021-05-20,1.6842132566438226
2021-05-21,0.436578874999644
2021-05-25,0.1784968630238088
2021-05-26,-0.09296291070571605
2021-05-27,-0.2851129133022428
2021-05-28,0.7323798928203659
2021-05-31,-0.6389616993714464
2021-06-01,0.9437797909015969
2021-06-02,0.22681774006697283
2021-06-03,0.19183355693224202
2021-06-04,0.3845455477475568
2021-06-07,-0.10041425455906275
2021-06-08,-0.23341905370219768
2021-06-09,-0.3808886643482044
2021-06-10,-0.06368649058569346
2021-06-11,0.7807607134119747
2021-06-14,-0.12516301980978747
2021-06-15,0.3558873900044258
2021-06-16,-0.12054177414032805
2021-06-17,0.10878224056923391
2021-06-18,-1.7939439545172595
2021-06-21,0.9996463035589586
2021-06-22,0.21184578273143131
2021-06-23,-1.1574570520730247
2021-06-24,0.8557833958115765
2021-06-25,0.12013424248923979
2021-06-28,-0.3452271008075816
2021-06-29,0.8731766948341996
2021-06-30,-1.0220555055044207
2021-07-01,0.4674483074042625
2021-07-02,0.2961570116482704
2021-07-05,0.07588056196588011
2021-07-06,-0.9661522873624095
2021-07-07,1.1622330289324754
2021-07-08,-1.7489421804465333
2021-07-09,1.7184757939864164
2021-07-12,0.6517504871406623
2021-07-13,-0.005510532431694824
2021-07-14,-0.004174847951872446
2021-07-15,-1.0141856867934
2021-07-16,-0.5733135544161683
2021-07-19,-2.6546246936695708
2021-07-20,0.5474200645338385
2021-07-21,1.3462262782400136
2021-07-22,0.5950169149915788
2021-07-23,0.9925097074168625
2021-07-26,-0.3215876931121949
2021-07-27,-0.6413422462977323
2021-07-28,0.32956806132106164
2021-07-29,0.44926387889899777
2021-07-30,-0.6161989123227729
2021-08-02,0.15646663006932626
2021-08-03,-0.08771671116352622
2021-08-04,0.8772026921567992
2021-08-05,0.33425850154926595
2021-08-06,0.10652073287193169
2021-08-09,-0.10181935152707032
2021-08-10,0.16055155284339764
2021-08-11,0.3505414463711049
2021-08-12,0.7015601521228146
2021-08-13,0.25023184842177826
2021-08-16,-0.3241684432248429
2021-08-17,-0.023739709620483686
2021-08-18,0.2760892483392984
2021-08-19,-1.2615921041525502
2021-08-20,0.26750297765486386
2021-08-23,0.2826838695600058
2021-08-24,0.33414289949451775
2021-08-25,-0.284510221242289
2021-08-26,-0.4235770879516042
2021-08-27,0.3673835886838961
2021-08-30,0.2240745987590973
2021-08-31,-0.32922965913955304
2021-09-01,-0.06822499459172293
2021-09-02,0.10295195299977013
2021-09-03,-0.3756252773397749
2021-09-06,0.9517834127444095
2021-09-07,-0.5603771400793126
2021-09-08,-1.480374415400689
2021-09-09,0.08241245128885782
2021-09-10,-0.08542783739049761
2021-09-13,0.5851613906803205
2021-09-14,0.1372838235022874
2021-09-15,-0.6827957712776306
2021-09-16,0.22867021501759172
2021-09-17,-1.0377107673413282
2021-09-20,-2.3389980673356354
2021-09-21,1.4204078316168716
2021-09-22,1.0255061444008493
2021-09-23,0.8810738510213828
2021-09-24,-0.7199205806866573
2021-09-27,0.2708828513215661
2021-09-28,-2.1110100264298453
2021-09-29,0.7624693139174854
2021-09-30,-0.6829468083542419
2021-10-01,-0.6854716750402673
2021-10-04,-0.794166157069588
2021-10-05,1.0448986637103836
2021-10-06,-1.4662253756491812
2021-10-07,1.8365294156240934
2021-10-08,-0.2937289637995145
2021-10-11,-0.04598041461840785
2021-10-12,-0.3444906486589777
2021-10-13,0.6744921117307366
2021-10-14,1.3893109100115582
2021-10-15,0.8028404059793055
2021-10-18,-0.7268800438864377
2021-10-19,0.26692465952541256
2021-10-20,0.045683823435584144
2021-10-21,-0.3249531654447369
2021-10-22,0.4541015204645765
2021-10-25,0.36124642071348084
2021-10-26,1.0066907422078162
2021-10-27,-0.325781130123325
2021-10-28,-0.06037481892365499
2021-10-29,-0.04817921316388104
2021-11-01,0.746282463631857
2021-11-02,0.9329834876765773
2021-11-03,0.03465688328308513
2021-11-04,0.43557884324806817
2021-11-05,0.15403289832843192
2021-11-08,-0.04885112493523099
2021-11-09,-0.03770877168050546
2021-11-10,0.17042545604243797
2021-11-11,0.0950533600807981
2021-11-12,0.0681225709347964
2021-11-15,0.3384913247464234
2021-11-16,0.6125415607290587
2021-11-17,0.0201208175235708
2021-11-18,-0.1810707266115137
2021-11-19,-0.38145506075324315
2021-11-22,-0.27438214704558966
2021-11-23,-1.1149908386961136
2021-11-24,-0.36844067297226957
2021-11-25,0.2490274243674787
2021-11-26,-4.240827895613227
2021-11-29,0.15600494484798677
2021-11-30,-1.1897742589148936
2021-12-01,2.4371891462565074
2021-12-02,-1.3636407845613845
2021-12-03,-0.6120323043746625
2021-12-06,1.3800824839805201
2021-12-07,2.7772525998830675
2021-12-08,-0.8053785574609417
2021-12-09,-0.3053666698411591
2021-12-10,-0.1020402163691476
2021-12-13,-0.010176618727196045
2021-12-14,-1.0822866374632172
2021-12-15,0.14736572975020218
2021-12-16,1.0288527570173223
2021-12-17,-0.6719074034839673
2021-12-20,-1.8980589186378576
2021-12-21,1.3541430283578526
2021-12-22,0.9408897705466976
2021-12-23,1.0388673345340969
2021-12-27,0.4997574989071142
2021-12-28,0.8078939284277026
2021-12-29,-0.7005960877587732
2021-12-30,0.20550303841652398
2022-01-03,0.8517061432296871
2022-01-04,0.8198130382432627
2022-01-05,0.7348807089666669
2022-01-06,-1.3595137009672893
2022-01-07,-0.651819726541127
2022-01-10,-1.1317477833885792
2022-01-11,1.0945527513658675
2022-01-12,0.42883430576177684
2022-01-13,0.13276071414166765
2022-01-14,-0.9296660986286204
2022-01-17,0.3173121165862248
2022-01-18,-1.0165907054072827
2022-01-19,0.2353229356826263
2022-01-20,0.64693618521012
2022-01-21,-1.9574691542314424
2022-01-24,-3.872767561927696
2022-01-25,0.7482379981029826
2022-01-26,2.194226484682375
2022-01-27,0.4188012607935824
2022-01-28,-1.3313938731046813
2022-01-31,0.9889606835872167
2022-02-01,0.9532824953876107
2022-02-02,-0.03598814462426668
2022-02-03,-1.583519696168138
2022-02-04,-1.7652414369642124
2022-02-07,0.7066575584222655
2022-02-08,0.23475469055383194
2022-02-09,1.5598991198870114
2022-02-10,0.05443976319311632
2022-02-11,-0.4225730250104241
2022-02-14,-2.037789334677903
2022-02-15,1.9573027577137678
2022-02-16,-0.10801888233001691
2022-02-17,-0.8377409121631707
2022-02-18,-1.4854715907989877
2022-02-21,-2.0917906473215173
2022-02-22,-0.259108094739484
2022-02-23,-0.42039954823396253
2022-02-24,-4.039537140683894
2022-02-25,3.6002694628299614
2022-02-28,-0.7317796385738679
2022-03-01,-3.9219049198680507
2022-03-02,0.6827539790147059
2022-03-03,-2.1786145629930087
2022-03-04,-4.5083713794355305
2022-03-07,-2.004677721371128
2022-03-08,-0.0244728856716811
2022-03-09,7.623189406906642
2022-03-10,-2.9744196583587197
2022-03-11,1.3743053350843284
2022-03-14,2.184632292675992
2022-03-15,-0.08504388057609215
2022-03-16,3.69229136178751
2022-03-17,-0.3654728816846391
2022-03-18,0.1738144501063217
2022-03-21,-0.599305472831208
2022-03-22,1.015492101478409
2022-03-23,-1.3183123050481473
2022-03-24,-0.06905627259295069
2022-03-25,0.22372458709628723
2022-03-28,0.7771500790776112
2022-03-29,2.756615432282499
2022-03-30,-1.4564079027232888
2022-03-31,-1.3183825176215733
2022-04-01,0.21988308203777585
2022-04-04,0.4949471651154712
2022-04-05,-0.6481822001012562
2022-04-06,-1.9084386415598766
2022-04-07,-0.5210104150806345
2022-04-08,1.4492943424814428
2022-04-11,-0.6383517359407458
2022-04-12,-0.4790652833342941
2022-04-13,-0.3440242654263527
2022-04-14,0.6190408009368742
2022-04-19,-0.0733801979168139
2022-04-20,1.4628823163775513
2022-04-21,0.9726915715889994
2022-04-22,-2.5159407151034214
2022-04-25,-1.5529272736061355
2022-04-26,-1.212197463567726
2022-04-27,0.27251976692821767
2022-04-28,1.338688420922041
2022-04-29,0.8408142515340438
2022-05-02,-1.132871212219411
2022-05-03,0.7176918085860725
2022-05-04,-0.4901737998442648
2022-05-05,-0.4900806170790601
2022-05-06,-1.655265469624645
2022-05-09,-2.170630790941918
2022-05-10,1.1448608395192994
2022-05-11,2.148204772848076
2022-05-12,-0.6456718479696583
2022-05-13,2.076525997840436
2022-05-16,-0.4540526654895977
2022-05-17,1.5741570224920984
2022-05-18,-1.2639918500398541
2022-05-19,-0.8996811704535954
2022-05-20,0.7149729063229837
2022-05-23,1.3743733070246797
2022-05-24,-1.8199400492222437
2022-05-25,0.6314880542903636
2022-05-26,1.5819488768865302
2022-05-27,1.6094622969482972
2022-05-30,0.7837313301050407
2022-05-31,-1.2956176341295331
2022-06-01,-0.3333233195779761
2022-06-02,1.0039771017798909
2022-06-03,-0.17329320658704803
2022-06-06,1.3307910615959297
2022-06-07,-0.6654459575460925
2022-06-08,-0.7628997393037259
2022-06-09,-1.7259443381020498
2022-06-10,-3.1258616713241
2022-06-13,-2.4628963768441556
2022-06-14,-0.9175830228495307
2022-06-15,1.3505435105176398
2022-06-16,-3.3693694410409445
2022-06-17,0.6709015791487906
2022-06-20,1.055940291880021
2022-06-21,0.20182837824895228
2022-06-22,-1.1205768909561344
2022-06-23,-1.7783911495089264
2022-06-24,1.579244162526282
2022-06-27,0.5165759100514253
2022-06-28,0.3463565383417321
2022-06-29,-1.741757188845406
2022-06-30,-1.703062557649504
2022-07-01,0.2286282281884564
2022-07-04,-0.30993345391231564
2022-07-05,-2.957005082649629
2022-07-06,1.5468503626828853
2022-07-07,1.9554262849314803
2022-07-08,1.3304221875052304
2022-07-11,-1.4143872925323118
2022-07-12,0.5675690388770691
2022-07-13,-1.1625204121600223
2022-07-14,-1.872663833068975
2022-07-15,2.7188438530702066
2022-07-18,0.7364337402690347
2022-07-19,2.6543180791123
2022-07-20,-0.19879133463264237
2022-07-21,-0.2664355783513005
2022-07-22,0.053131731273667285
2022-07-25,-0.32768601722135504
2022-07-26,-0.8620538232262434
2022-07-27,0.5288774212547557
2022-07-28,0.8751441488818756
2022-07-29,1.5089447540360745
2022-08-01,-0.03278426361544902
2022-08-02,-0.22600090953606772
2022-08-03,1.023499739014424
2022-08-04,0.5513368654394415
2022-08-05,-0.6516986963183269
2022-08-08,0.8345901822611853
2022-08-09,-1.1220233765465912
2022-08-10,1.2187004547419902
2022-08-11,-0.04686854542709002
2022-08-12,0.7372788505226541
2022-08-15,0.150372303871914
2022-08-16,0.6745124187092483
2022-08-17,-2.058480681508428
2022-08-18,0.5174940879234736
2022-08-19,-1.1224772403785384
2022-08-22,-2.3451918151710585
2022-08-23,-0.27504363767785334
2022-08-24,0.19556921466940863
2022-08-25,0.39181955881296293
2022-08-26,-2.2901226777076276
2022-08-29,-0.6068538307308728
2022-08-30,0.5271851902018426
2022-08-31,-0.978292809780381
2022-09-01,-1.607951087683679
2022-09-02,3.2715603371463335
2022-09-05,-2.243236128807078
2022-09-06,0.863451084095359
2022-09-07,0.3453572178375991
2022-09-08,-0.09023457780928021
2022-09-09,1.414965873517028
2022-09-12,2.3712238640070673
2022-09-13,-1.6044688012082253
2022-09-14,-1.2278485193386637
2022-09-15,-0.5490933694293878
2022-09-16,-1.6764425762128696
2022-09-19,0.48527542431921944
2022-09-20,-1.0395774771039563
2022-09-21,0.7572988976071784
2022-09-22,-1.8619657520526578
2022-09-23,-1.994273417289695
2022-09-26,-0.45912494560383543
2022-09-27,-0.7242454857740845
2022-09-28,0.35851419981988664
2022-09-29,-1.7197487444994188
2022-09-30,1.1524499867734734
2022-10-03,0.7821182745900755
2022-10-04,3.706217781261862
2022-10-05,-1.2172839658645744
2022-10-06,-0.3713745937088292
2022-10-07,-1.5986602166939972
2022-10-10,-0.00048537812328272925
2022-10-11,-0.43024620348174364
2022-10-12,-0.393483874806835
2022-10-13,1.4948216167373132
2022-10-14,0.6633203031709579
2022-10-17,1.6839561758517503
2022-10-18,0.9174309999999846
2022-10-19,-0.18975326864552514
2022-10-20,0.2038511282382018
2022-10-21,-0.28637027154118216
2022-10-24,1.5630204015319171
2022-10-25,0.9352581075021176
2022-10-26,1.088439741803436
2022-10-27,0.11679385624161549
2022-10-28,0.24267743984353524
2022-10-31,0.0785759079237375
2022-11-01,0.6392806386088777
2022-11-02,-0.6166480800149784
2022-11-03,-0.9591928410773544
2022-11-04,2.479695938923305
2022-11-07,0.5458385309449212
2022-11-08,1.1404791296152677
2022-11-09,-0.16398928805775537
2022-11-10,3.4503815043386363
2022-11-11,0.5552913080208909
2022-11-14,0.6197998452511426
2022-11-15,0.45455531871306293
2022-11-16,-1.0099118775888958
2022-11-17,0.2270116330976313
2022-11-18,1.1532574922613938
2022-11-21,-0.3604824290862554
2022-11-22,0.294559691677695
2022-11-23,0.036327524646244544
2022-11-24,0.7730845905921981
2022-11-25,0.012518938773022797
2022-11-28,-1.0926362834623982
2022-11-29,-0.1942332650065319
2022-11-30,0.28929579606595685
2022-12-01,0.6456813962978359
2022-12-02,0.2694023825114404
2022-12-05,-0.5644443109854936
2022-12-06,-0.7253732226485714
2022-12-07,-0.5733403217342297
2022-12-08,0.023621749757094593
2022-12-09,0.7414674850307063
2022-12-12,-0.44697262002438226
2022-12-13,1.328003935503363
2022-12-14,-0.260303594675592
2022-12-15,-3.332675372250476
2022-12-16,-0.6683130522147943
2022-12-19,0.35780977434280625
2022-12-20,-0.4183630043227707
2022-12-21,1.52355528121833
2022-12-22,-1.3119616816044728
2022-12-23,0.1928514329531038
2022-12-27,0.3878145257677015
2022-12-28,-0.4978395633902036
2022-12-29,1.0438245330955114
2022-12-30,-1.058257740438027
2023-01-02,1.0407746180438886
2023-01-03,0.7958021257238117
2023-01-04,2.156232381153874
2023-01-05,-0.3766073103131592
2023-01-06,1.1961031724754225
2023-01-09,1.24350466005668
2023-01-10,-0.12331454747913721
2023-01-11,1.1662037457026158
2023-01-12,0.7357820037865541
2023-01-13,0.18722775871715625
2023-01-16,0.31449150945529913
2023-01-17,0.3497914614155125
2023-01-18,-0.034709937149967826
2023-01-19,-1.7370582414515032
2023-01-20,0.755826001684081
2023-01-23,0.4605095159965551
2023-01-24,-0.0651730319789013
2023-01-25,-0.07602849188502118
2023-01-26,0.338976505849431
2023-01-27,0.11346784699686377
2023-01-30,-0.15821187087907593
2023-01-31,0.014473642019029485
2023-02-01,0.3462386659907409
2023-02-02,2.1405244587293084
2023-02-03,-0.2114577941051755
2023-02-06,-0.8469202017936116
2023-02-07,-0.16324029325455972
2023-02-08,0.5933062044065663
2023-02-09,0.7200187960002645
2023-02-10,-1.3975554593732504
2023-02-13,0.58204654024423
2023-02-14,-0.10904106790648974
2023-02-15,0.8144616074990894
2023-02-16,0.1759009649695851
2023-02-17,-0.33299133430264505
2023-02-20,-0.02874844996922882
2023-02-21,-0.5177614650416545
2023-02-22,0.014738407562037703
2023-02-23,0.4910089679164108
2023-02-24,-1.7334405869660656
2023-02-27,1.1224889814446148
2023-02-28,-0.10596330542604113
2023-03-01,-0.39204357459107647
2023-03-02,0.1476863054314378
2023-03-03,1.6226963337134577
2023-03-06,0.4814974887177785
2023-03-07,-0.6026319598284786
2023-03-08,0.4638456276087954
2023-03-09,0.00857086402768453
2023-03-10,-1.3215417024382794
2023-03-13,-3.0837552271425768
2023-03-14,1.810844640668792
2023-03-15,-3.320972704836144
2023-03-16,1.5611187600414351
2023-03-17,-1.3378199102217025
2023-03-20,1.1122734211361043
2023-03-21,1.7389823716577375
2023-03-22,0.1371229202679795
2023-03-23,-0.038129696504742176
2023-03-24,-1.6783897541230275
2023-03-27,1.133133133217044
2023-03-28,0.09474719070787628
2023-03-29,1.225849548428203
2023-03-30,1.2552042103065504
2023-03-31,0.6833748290709876
2023-04-03,-0.3070831681625113
2023-04-04,0.14462241443289034
2023-04-05,-0.5352844624026384
2023-04-06,0.499516288859765
2023-04-11,0.3665582721320525
2023-04-12,0.3088751677893238
2023-04-13,0.1645424133099298
2023-04-14,0.49491262601629105
2023-04-17,-0.11374314829180616
2023-04-18,0.5881493319267852
2023-04-19,0.07886163572757404
2023-04-20,-0.6262362247234691
2023-04-21,0.5410167302099126
2023-04-24,-0.11157424650908336
2023-04-25,0.05154819159133301
2023-04-26,-0.48250536308058767
2023-04-27,0.029875298206348457
2023-04-28,0.7687226368913168
2023-05-02,-1.235046664211514
2023-05-03,0.5587430719483529
2023-05-04,-0.5123379169960087
2023-05-05,1.4310226108008792
2023-05-08,-0.05132225290897682
2023-05-09,0.016612541282627895
2023-05-10,-0.37203695874876747
2023-05-11,-0.38649974521424857
2023-05-12,0.49709275032310074
2023-05-15,0.021487954403036656
2023-05-16,-0.12139208618881672
2023-05-17,0.33514259524086437
2023-05-18,1.3206655655658732
2023-05-19,0.6906555293001099
2023-05-22,-0.3162503832106413
2023-05-23,-0.43938799458497935
2023-05-24,-1.942430589231978
2023-05-25,-0.30553940535913215
2023-05-26,1.196888232836375
2023-05-29,-0.1956324077609966
2023-05-30,-0.27506643895094374
2023-05-31,-1.5513006778311815
2023-06-01,1.2034065673685879
2023-06-02,1.2385113008230193
2023-06-05,-0.5456236720305127
2023-06-06,0.1786862807888011
2023-06-07,-0.19954852410745913
2023-06-08,0.18403706327475775
2023-06-09,-0.2512234800077262
2023-06-12,0.9238184345050415
2023-06-13,0.8216286734134776
2023-06-14,0.4923595281371546
2023-06-15,-0.12680581336934155
2023-06-16,0.41356517277134786
2023-06-19,-0.9609122366319118
2023-06-20,-0.5563175710652921
2023-06-21,-0.5488853897582908
2023-06-22,-0.21848379387735625
2023-06-23,-0.994534731941198
2023-06-26,-0.10669570506227566
2023-06-27,0.21352419194751054
2023-06-28,0.6424735713688167
2023-06-29,-0.014298303728105182
2023-06-30,1.25368861412709
2023-07-03,-0.4149093739210347
2023-07-04,-0.26070901126777485
2023-07-05,-0.6354003176892583
2023-07-06,-2.6000223749537517
2023-07-07,0.4809240594387629
2023-07-10,0.4460840967480253
2023-07-11,0.7448645527859914
2023-07-12,1.4626839269726633
2023-07-13,0.7339304325099197
2023-07-14,-0.2230345697049001
2023-07-17,-0.22639555907691475
2023-07-18,0.3531071288459615
2023-07-19,-0.1027507141257687
2023-07-20,0.5897928058184373
2023-07-21,-0.16676223610290603
2023-07-24,0.08483933201479062
2023-07-25,0.12739526718618613
2023-07-26,-0.49550087108547175
2023-07-27,1.687750713192438
2023-07-28,0.38764576403446055
2023-07-31,-0.13926067364686248
2023-08-01,-1.2630769199588878
2023-08-02,-1.3662828206126842
2023-08-03,-0.7936497865689316
2023-08-04,0.36727959380174413
2023-08-07,-0.006899658610449472
2023-08-08,-1.1084511098277747
2023-08-09,0.4910316823599382
2023-08-10,0.9038901249810709
2023-08-11,-1.0327228225598208
2023-08-14,0.4542428052187615
2023-08-15,-0.8649445057065229
2023-08-16,0.1405083808944577
2023-08-17,-0.7153691646610253
2023-08-18,-0.6568779754443819
2023-08-21,0.186162963193506
2023-08-22,0.6537451456842291
2023-08-23,0.14500236118237259
2023-08-24,-0.6821095767501448
2023-08-25,0.06610549935623476
2023-08-28,1.023353097525468
2023-08-29,0.8717225363247004
2023-08-30,-0.24479431759128362
2023-08-31,0.34643317231712145
2023-09-01,-0.6715904331487367
2023-09-04,-0.09783763102735386
2023-09-05,-0.3363638273423204
2023-09-06,-0.19255403184360806
2023-09-07,-0.1443734458280984
2023-09-08,0.13757385417320633
2023-09-11,0.38483210111109784
2023-09-12,-0.5423198310995345
2023-09-13,-0.39210035283222117
2023-09-14,0.9616287303144746
2023-09-15,0.5567428783243866
2023-09-18,-1.0525507256928552
2023-09-19,-0.39908593640678935
2023-09-20,0.744830214040099
2023-09-21,-1.3378599108415867
2023-09-22,-0.09361202205127012
2023-09-25,-0.9805386957205736
2023-09-26,-0.9759599905361405
2023-09-27,-0.25215461812357
2023-09-28,0.6944789225067006
2023-09-29,0.41081082614585995
2023-10-02,-0.9099173076763926
2023-10-03,-1.068174189590285
2023-10-04,0.09746495813716273
2023-10-05,-0.19688476919658252
2023-10-06,1.0531441313921008
2023-10-09,-0.6697408387907724
2023-10-10,1.9338960806318535
2023-10-11,0.23630881694196065
2023-10-12,-0.22651424184347554
2023-10-13,-1.5574111193234097
2023-10-16,0.33742459596189905
2023-10-17,0.08986775811459814
2023-10-18,-1.0332733505565326
2023-10-19,-0.3296582660916618
2023-10-20,-1.6537250021769485
2023-10-23,0.015203119044169267
2023-10-24,0.5338216254913195
2023-10-25,0.08221959641307257
2023-10-26,-1.0878724208663224
2023-10-27,-0.29668229067912644
2023-10-30,0.19813591132355357
2023-10-31,0.6353540949674668
2023-11-01,0.759613332444547
2023-11-02,1.4656266410818382
2023-11-03,0.3009966137605249
2023-11-06,-0.35139285876212906
2023-11-07,0.11007387861062855
2023-11-08,0.5066125961720225
2023-11-09,0.8040058240867269
2023-11-10,-0.7725586025069316
2023-11-13,0.7234338895524853
2023-11-14,1.740577862138782
2023-11-15,0.8528696390834213
2023-11-16,0.24379715599134005
2023-11-17,0.8361290376463646
2023-11-20,-0.11206665805415936
2023-11-21,-0.0050299239027282614
2023-11-22,0.35965515956458577
2023-11-23,0.23103114940737945
2023-11-24,0.21708431001558076
2023-11-27,-0.3945522850599633
2023-11-28,0.16458448434062542
2023-11-29,1.0807631821599466
2023-11-30,0.302511958645477
2023-12-01,1.1166836505028106
2023-12-04,0.04414470364728123
2023-12-05,0.7793476771123728
2023-12-06,0.7431896493775858
2023-12-07,-0.16493237569797992
2023-12-08,0.7801024705102276
2023-12-11,0.20986686627537463
2023-12-12,-0.016015241612872443
2023-12-13,-0.15310577583214421
2023-12-14,-0.08246433150979794
2023-12-15,-0.004721964053434074
2023-12-18,-0.6040896244381847
2023-12-19,0.5621184724288284
2023-12-20,-0.06786282542250116
2023-12-21,-0.27307148445254537
2023-12-22,0.11235546822104872
2023-12-27,0.21460398540721493
2023-12-28,-0.24231557320244196
2023-12-29,0.2994624971626512
2024-01-02,0.10571732138200185
2024-01-03,-1.3868991583284898
2024-01-04,0.4759280290394104
2024-01-05,-0.13897673224351398
2024-01-08,0.7340607192363031
2024-01-09,-0.168307006473176
2024-01-10,0.008695335180512994
2024-01-11,-0.859179928062285
2024-01-12,0.9475181747553497
2024-01-15,-0.4941371965947412
2024-01-16,-0.3045201322342683
2024-01-17,-0.8483441393796812
2024-01-18,0.8222113392252062
2024-01-19,-0.07377919999552644
2024-01-22,0.7715702540190797
2024-01-23,-0.3378494502023984
2024-01-24,1.568370612352123
2024-01-25,0.10060113023788086
2024-01-26,0.3216620446146262
2024-01-29,-0.11609374247980493
2024-01-30,0.18062669526002623
2024-01-31,-0.4048882404080683
2024-02-01,-0.26491126820415606
2024-02-02,0.3503656190535221
2024-02-05,-0.08367499182988952
2024-02-06,0.7612880719440723
2024-02-07,-0.6554500720230801
2024-02-08,0.2471192831997178
2024-02-09,-0.22029937823807139
2024-02-12,0.6527528784014754
2024-02-13,-0.9229306744622006
2024-02-14,0.3822496057037969
2024-02-15,0.5954858644379811
2024-02-16,0.41417769692361167
2024-02-19,-0.14720791250492055
2024-02-20,-0.13951757047039232
2024-02-21,0.29069613529125105
2024-02-22,1.4632940280449829
2024-02-23,0.28100719538077223
2024-02-26,0.022388656746642664
2024-02-27,0.7619295273403105
2024-02-28,0.2544562298983276
2024-02-29,0.4363387697094966
2024-03-01,0.32124073675739345
2024-03-04,-0.10662753850509853
2024-03-05,-0.10035153658182695
2024-03-06,0.10340528559642545
2024-03-07,0.7094530922551384
2024-03-08,-0.15895652518285722
2024-03-11,-0.3837954031859242
2024-03-12,1.2256182194385463
2024-03-13,-0.020756358965553792
2024-03-14,-0.1077434895516357
2024-03-15,-0.030038287337996458
2024-03-18,-0.022139823256086474
2024-03-19,0.30518001186501864
2024-03-20,0.1535478784097713
2024-03-21,0.9068825687253148
2024-03-22,0.14670506496177504
2024-03-25,0.30367596296545873
2024-03-26,0.6715093919433112
2024-03-27,0.5031839853687976
2024-03-28,0.0833138568696976
2024-04-02,-1.1385892638780297
2024-04-03,0.46159906437435577
2024-04-04,0.19259911419677336
2024-04-05,-1.2471632880227135
2024-04-08,0.7888000679608055
2024-04-09,-1.3313940610920383
2024-04-10,0.11395663139160289
2024-04-11,-0.7923106969112904
2024-04-12,-0.1346540004377691
2024-04-15,0.5354187626759636
2024-04-16,-1.4547848971801618
2024-04-17,0.021325055481990575
2024-04-18,0.3784657240037666
2024-04-19,-0.5624284183328198
2024-04-22,0.693529668303137
2024-04-23,1.5381498851941167
2024-04-24,-0.2702519144003532
2024-04-25,-0.9521819658271263
2024-04-26,1.3511404392249289
2024-04-29,-0.23533771288288655
2024-04-30,-1.032729618214251
2024-05-02,-0.1991139148488078
2024-05-03,0.5855458133382536
2024-05-06,0.9598008131742796
2024-05-07,1.392389776909481
2024-05-08,0.37006801031703895
2024-05-09,1.012346141279731
2024-05-10,0.4604987751622837
2024-05-13,-0.1632885813641824
2024-05-14,-0.13775612195016795
2024-05-15,0.8138200143103556
2024-05-16,-0.6942605969100953
2024-05-17,-0.1836948053896265
2024-05-20,0.3444636056986854
2024-05-21,-0.2250986987468292
2024-05-22,-0.248940690098104
2024-05-23,0.05951641366349509
2024-05-24,0.010960787194030586
2024-05-27,0.4341931825481289
2024-05-28,-0.5171446800186583
2024-05-29,-1.1013500301549615
2024-05-30,0.1271298539624551
2024-05-31,0.0062192137719634865
2024-06-03,0.5940857619672008
2024-06-04,-1.0943029245612654
2024-06-05,0.9209992193333072
2024-06-06,0.4122129657173716
2024-06-07,-0.5127694431069029
2024-06-10,-0.33670892558444715
2024-06-11,-0.6778908249741008
2024-06-12,1.410370884898602
2024-06-13,-1.9795439985809713
2024-06-14,-1.4539924336691075
2024-06-17,0.3670144586792632
2024-06-18,0.3522624952010773
2024-06-19,-0.3539272076323118
2024-06-20,1.0256632533436993
2024-06-21,-0.49789165971844174
2024-06-24,0.8882741103415963
2024-06-25,-0.8106782473733726
2024-06-26,-0.12318826244356769
2024-06-27,0.3041902182248652
2024-06-28,0.1366319561731131
2024-07-01,0.30230966556780786
2024-07-02,-0.6945609011884646
2024-07-03,1.1520481699241631
2024-07-04,0.41249835399308593
2024-07-05,0.13523696771758723
2024-07-08,-0.01839603496628735
2024-07-09,-1.2850769881641582
2024-07-10,0.933496589228261
2024-07-11,0.6894109801932471
2024-07-12,1.1459537415983594
2024-07-15,-0.8424954962485622
2024-07-16,-0.39268953075569907
2024-07-17,-0.4368985143234455
2024-07-18,-0.44869003190506673
2024-07-19,-1.001085002510522
2024-07-22,1.2856768308834885
2024-07-23,0.8149908245219187
2024-07-24,-0.9215793646682898
2024-07-25,-0.48378110494211773
2024-07-26,0.6472906328498461
2024-07-29,-0.5274130433874562
2024-07-30,0.49281454524503726
2024-07-31,0.52801396634034
2024-08-01,-2.326313285080173
2024-08-02,-2.360376335616341
2024-08-05,-1.841301571168847
2024-08-06,0.0883185198640146
2024-08-07,1.4917864641052032
2024-08-08,0.3697354079403876
2024-08-09,0.23998051953059268
2024-08-12,0.02025336771501192
2024-08-13,0.4816196058523744
2024-08-14,0.41206595611047125
2024-08-15,1.6504405608105874
2024-08-16,0.7624072770183437
2024-08-19,0.5404368679973559
2024-08-20,-0.3489470750472152
2024-08-21,0.49681416698710046
2024-08-22,0.24059887855742354
2024-08-23,0.752614335218902
2024-08-26,-0.08633571915900316
2024-08-27,0.34741615571937895
2024-08-28,0.5364002209628965
2024-08-29,0.6912442222435738
2024-08-30,-0.029880839916274136
2024-09-02,0.1264857362725436
2024-09-03,-0.9753271985521456
2024-09-04,-0.8316282224677957
2024-09-05,-0.08259505955435899
2024-09-06,-1.4892440106686575
2024-09-09,0.7710386776698133
2024-09-10,-0.9678263453723406
2024-09-11,0.35167418606565387
2024-09-12,1.0210560022440303
2024-09-13,0.9727132529983926
2024-09-16,-0.35513864840554416
2024-09-17,0.49771366246172677
2024-09-18,-0.07794226156679175
2024-09-19,1.5426493505265697
2024-09-20,-1.4971286986846029
2024-09-23,0.6749565155008249
2024-09-24,0.7919082379714939
2024-09-25,-0.41213609551544966
2024-09-26,1.6765890735206166
2024-09-27,1.2155116782273692
2024-09-30,-0.7665330769227457
2024-10-01,-0.5801503559355401
2024-10-02,-0.2521798350915954
2024-10-03,-0.7822942845277677
2024-10-04,0.5533818974793203
2024-10-07,-0.08805790092046474
2024-10-08,-0.19716193984763708
2024-10-09,0.9835783754586441
2024-10-10,-0.22892689961173696
2024-10-11,0.8445343736598849
2024-10-14,0.6916265025179444
2024-10-15,-0.11334738959110566
2024-10-16,-0.2743078687566939
2024-10-17,0.7718887090328688
2024-10-18,0.3770498008232001
2024-10-21,-1.0030090025481522
2024-10-22,-0.20203795803778157
2024-10-23,-0.22830707313322984
2024-10-24,0.33683605588541166
2024-10-25,0.1058424588474972
2024-10-28,0.34891140559086314
2024-10-29,-0.27454133837073247
2024-10-30,-1.1396954728938589
2024-10-31,-0.9380600896745415
2024-11-01,0.9257567996649415
2024-11-04,-0.5578828362529464
2024-11-05,0.5646280260603334
2024-11-06,-1.1330879709182635
2024-11-07,1.6833396523556934
2024-11-08,-0.7622985874587187
2024-11-11,1.2058839371179442
2024-11-12,-2.1567095169652863
2024-11-13,-0.16053556919037548
2024-11-14,1.3619838267079996
2024-11-15,-0.27492854625434215
2024-11-18,-0.11260987518128397
2024-11-19,-0.6738879931804185
2024-11-20,-0.2917701737873559
2024-11-21,0.741220206767716
2024-11-22,0.9172178140492234
2024-11-25,0.4266161445903865
2024-11-26,-0.5644222777316544
2024-11-27,-0.17755442204014055
2024-11-28,0.8477235983316259
2024-11-29,1.0279606367893936
2024-12-02,1.5529603860705077
2024-12-03,0.4161712702421514
2024-12-04,1.0703036919732118
2024-12-05,0.6240829256862112
2024-12-06,0.12668844901748308
2024-12-09,-0.1897761254155277
2024-12-10,-0.08260962354226607
2024-12-11,0.3437414967694116
2024-12-12,0.13280633757944524
2024-12-13,-0.09967435659131664
2024-12-16,-0.45240737618692706
2024-12-17,-0.33255014609031985
2024-12-18,-0.01876476977395356
2024-12-19,-1.356372249059556
2024-12-20,-0.42709993002604596
2024-12-23,-0.18110894282343468
2024-12-27,0.6805964840809604
2024-12-30,-0.3769027541394708
2025-01-02,0.5785567675500403
2025-01-03,-0.5939305207377921
2025-01-06,1.5458524857375562
2025-01-07,0.6133687703335611
2025-01-08,-0.05227797575382806
2025-01-09,-0.06317726689674982
2025-01-10,-0.5048408427120625
2025-01-13,-0.40616783767288556
2025-01-14,0.6854786413935826
2025-01-15,1.4853602024662507
2025-01-16,0.39151541574344983
2025-01-17,1.1935044118363787
2025-01-20,0.4149552040753221
2025-01-21,0.24595116713366003
2025-01-22,1.0037353920434156
2025-01-23,0.7371734836838671
2025-01-24,-0.07755656786802763
2025-01-27,-0.5283875312856885
2025-01-28,0.6948789475241127
2025-01-29,0.9610396860473207
2025-01-30,0.4135621402423133
2025-01-31,0.0223269500516189
2025-02-03,-1.4078476198150665
2025-02-04,0.36082907556625426
2025-02-05,0.3723719130293237
2025-02-06,1.455543035538456
2025-02-07,-0.5283667789478338
2025-02-10,0.5709115298107819
2025-02-11,0.5737948689934184
2025-02-12,0.4987996105058737
2025-02-13,2.0733080831344157
2025-02-14,-0.43700301862669283
2025-02-17,1.256518128548749
2025-02-18,0.2033634480586327
2025-02-19,-1.8149177577375732
2025-02-20,-0.5317779624667833
2025-02-21,-0.1214731131559584
2025-02-24,0.6189164907236869
2025-02-25,-0.06985497058038011
2025-02-26,1.6982826817615648
2025-02-27,-1.0727581099725654
2025-02-28,0.0023903980828001692
2025-03-03,2.606756157845153
2025-03-04,-3.6077803295197537
2025-03-05,3.3222814565563175
2025-03-06,1.4557137129561144
2025-03-07,-1.7685362402572173
2025-03-10,-1.7006378789645302
2025-03-11,-1.3000473007488484
2025-03-12,1.5449223485616206
2025-03-13,-0.4830290364783129
2025-03-14,1.8426128178967514
2025-03-17,0.727116095993639
2025-03-18,0.971867954776804
2025-03-19,-0.3970055943892293
2025-03-20,-1.2483530648457057
2025-03-21,-0.46837635934287103
2025-03-24,-0.17059833346267284
2025-03-25,1.1188767921674332
2025-03-26,-1.1785412954611896
2025-03-27,-0.7042951652534196
2025-03-28,-0.9624330075722682
2025-03-31,-1.3357250991340461
2025-04-01,1.6844291067936223
2025-04-02,-0.6638702418994303
2025-04-03,-3.053858879899945
2025-04-04,-5.079904634021626
2025-04-07,-4.215679015036202
2025-04-08,2.4490473209217876
2025-04-09,-3.050857432892815
2025-04-10,4.434082340157803
2025-04-11,-0.9215769469908788
2025-04-14,2.8104705250541526
2025-04-15,1.4161788652361234
2025-04-16,0.2693326719099483
2025-04-17,-0.49467587178529254
2025-04-22,0.41257085793756176
2025-04-23,3.0909115511265095
2025-04-24,0.4658071542978405
2025-04-25,0.80321653239071
2025-04-28,0.13128736628415075
2025-04-29,0.6897959282653499
2025-04-30,0.3167675808945159
2025-05-02,2.5873446492770955
2025-05-05,1.1108538327539232
2025-05-06,-0.40729886780401225
2025-05-07,-0.5766766350699066
2025-05-08,1.0188828880307628
2025-05-09,0.6259340371946363
2025-05-12,0.2856371756299482
2025-05-13,0.30514304960697675
2025-05-14,-0.4730187232063654
2025-05-15,0.7139835403582895
2025-05-16,0.30271946168040276
2025-05-19,0.7024863931832367
2025-05-20,0.4216250095272731
2025-05-21,0.3583628662661676
2025-05-22,-0.5121642428683503
2025-05-23,-1.551992283026119
2025-05-26,1.670594646885294
2025-05-27,0.8241405467777966
2025-05-28,-0.7802879366781892
2025-05-29,-0.43759034871213576
2025-05-30,0.2680954954619805
2025-06-02,-0.27879477762055266
2025-06-03,0.6703129923146394
2025-06-04,0.764397318657241
2025-06-05,0.19382537219268017
2025-06-06,-0.07863422507201467
2025-06-09,-0.5368985534032307
2025-06-10,-0.7755540207321172
2025-06-11,-0.16129753375917483
2025-06-12,-0.7437162185494022
2025-06-13,-1.0794406908492782
2025-06-16,0.7747039387988303
2025-06-17,-1.1222167382693211
2025-06-18,-0.4998243286120008
2025-06-19,-1.1231540714336596
2025-06-20,1.2634642893824024
2025-06-23,-0.34981496101744397
2025-06-24,1.5884607191807292
2025-06-25,-0.6077671360566833
2025-06-26,0.6404191106162287
2025-06-27,1.610351996933783
2025-06-30,-0.5156625165165041
2025-07-01,-0.9933075256939017
2025-07-02,0.49225530509912163
2025-07-03,0.6035587821723482
2025-07-04,-0.6147411813176498
2025-07-07,1.1960611051048056
2025-07-08,0.5519427165647628
2025-07-09,1.405581769985275
2025-07-10,-0.3785226641882228
2025-07-11,-0.8273142075439126
2025-07-14,-0.39106963815346174
2025-07-15,-0.41621639408957545
2025-07-16,-0.21181015904799122
2025-07-17,1.4946392641384503
2025-07-18,-0.33464555097970905
2025-07-21,0.07527583844816833
2025-07-22,-1.099916090184699
2025-07-23,0.8239844169913363
2025-07-24,0.22708318411005343
2025-07-25,-0.3233321425960863
2025-07-28,-1.0257471285291986
2025-07-29,1.0252067765996018
2025-07-30,0.18503281666010313
2025-07-31,-0.8142374745783153
2025-08-01,-2.693279618665826
2025-08-04,1.4060978493706018
2025-08-05,0.37131924603535577
2025-08-06,0.3277723608663236
2025-08-07,1.1145507176971277
2025-08-08,-0.12259500951076373
2025-08-11,-0.3379457433411005
2025-08-12,-0.23514918246617772
2025-08-13,0.6671226383482204
2025-08-14,0.7903580923874695
2025-08-15,-0.07468368585616385
2025-08-18,-0.18297735175455593
2025-08-19,0.4444224850851861
2025-08-20,-0.5999996904570855
2025-08-21,0.06740389781510583
2025-08-22,0.2867043399047512
2025-08-25,-0.36997458326308835
2025-08-26,-0.49663518052271893
2025-08-27,-0.4425743273387093
2025-08-28,-0.026165613861882108
2025-08-29,-0.5744816120578837
2025-09-01,0.5637079353084632
2025-09-02,-2.314691170999559
2025-09-03,0.45652517342666027
2025-09-04,0.7411785726828213
2025-09-05,-0.731941000191114
2025-09-08,0.8866394135323415
2025-09-09,-0.37319583855862204
2025-09-10,-0.36113017035186207
2025-09-11,0.29871695487934613
2025-09-12,-0.023205869540965717
2025-09-15,0.2137500505618626
2025-09-16,-1.7826983544726012
2025-09-17,0.1282521759312154
2025-09-18,1.3409715784568172
2025-09-19,-0.14845158733563144
2025-09-22,-0.476438491704228
2025-09-23,0.3575828661992708
2025-09-24,0.23469829178398577
2025-09-25,-0.5592212938052807
2025-09-26,0.8657638499056634
2025-09-29,0.023543851560374262
2025-09-30,0.5696936390096524
2025-10-01,0.9705322184976148
2025-10-02,1.2730527233266697
2025-10-03,-0.17933834697440795
2025-10-06,-0.002099053703408504
2025-10-07,0.030720301590542193
2025-10-08,0.8629657709361379
2025-10-09,0.05738510703210306
2025-10-10,-1.5139226390091873
2025-10-13,0.6023895879857175
2025-10-14,-0.6210431918657053
2025-10-15,-0.22954266067481474
2025-10-16,0.37487615562445087
2025-10-17,-1.8344383639989095
2025-10-20,1.7792626004300716
2025-10-21,0.2931890582000801
2025-10-22,-0.7380155463410325
2025-10-23,0.2343237985515984
2025-10-24,0.13252055580388689
2025-10-27,0.2837924014007188
2025-10-28,-0.12409980804611272
2025-10-29,-0.6380635518243274
2025-10-30,-0.02205626234323096
2025-10-31,-0.668052506000773
2025-11-03,0.7240905044998491
2025-11-04,-0.7624620479950994
2025-11-05,0.4193059110072529
2025-11-06,-1.3214753262529835
2025-11-07,-0.6936382516165417
2025-11-10,1.6412306017568754
2025-11-11,0.533093907948526
2025-11-12,1.2106741116883601
2025-11-13,-1.4036586524749568
2025-11-14,-0.6889620892599025
2025-11-17,-1.205192190081831
2025-11-18,-1.7532244688982477
2025-11-19,-0.07599510241185665
2025-11-20,0.4992485405477528
2025-11-21,-0.806463592533267
2025-11-24,0.6359063608913116
2025-11-25,0.9654583659999063
2025-11-26,1.1086577777904192
2025-11-27,0.1757699308821973
2025-11-28,0.2891651482665416
2025-12-01,-1.0431015068007223
2025-12-02,0.5134013593271904
2025-12-03,-0.07234930360078518
2025-12-04,0.7916612205380837
2025-12-05,0.6099405672806939
2025-12-08,0.07433991574575148
2025-12-09,0.48389999732759814
2025-12-10,-0.13463612208837625
2025-12-11,0.6792781889744524
2025-12-12,-0.4460266814879258
2025-12-15,0.17936043640131966
2025-12-16,-0.6336233956172952
2025-12-17,-0.4841202113467079
2025-12-18,0.9921580995265987
2025-12-19,0.36669144064234016
2025-12-22,-0.01823953582060772
2025-12-23,0.2307084262118745
2025-12-29,0.04542339705513008
2025-12-30,0.5703809658082111
2026-01-02,0.19959189570984887
2026-01-05,1.333202284494967
2026-01-06,0.09449094661173349
2026-01-07,0.9199826377290764
2026-01-08,0.020701296726810713
2026-01-09,0.532575499429152
2026-01-12,0.5672317659987626
2026-01-13,0.06028533807103884
2026-01-14,-0.5301851847140702
2026-01-15,0.26126467927943403
2026-01-16,-0.21820457896270157
2026-01-19,-1.3454080088348688
2026-01-20,-1.030738778841122
2026-01-21,-0.5770492809973697
2026-01-22,1.195908526658312
2026-01-23,0.17782456551663522
2026-01-26,0.12990841963873523
2026-01-27,-0.15509755697022615
2026-01-28,-0.2882318357990902
2026-01-29,-2.089653147307712
2026-01-30,0.9390354570050491
2026-02-02,1.0487661131938508
2026-02-03,-0.06749108575752072
2026-02-04,-0.719874397592381
2026-02-05,-0.45617991043902223
2026-02-06,0.9363554927005031
2026-02-09,1.1798683433608268
2026-02-10,-0.10807225909017233
2026-02-11,-0.5284468551142988
2026-02-12,-0.013924837177733393
2026-02-13,0.24992756621259093
2026-02-16,-0.4584897492227233
2026-02-17,0.2999419255882924
